,value_number_of_active_months,revenue,value_days_to_purchase,action_create_project,value_transactions_number,ws_users_activated,action_export_report,action_create_invoice,value_regular_seats,action_project_budget,action_time_entries_via_tracker,action_screenshots
0,0,184.925,2,5,6,3,8,0,3,0,0,0.0
1,3,395.122,98,3,12,2,3,0,3,9,0,1.0
2,1,25.974,0,0,2,1,0,0,1,0,0,1.0
3,1,406.068,53,3,12,3,0,0,3,0,0,1.0
4,2,25.974,1,5,2,1,8,6,1,0,0,0.0
5,5,194.805,0,50,5,3,0,2,3,18,23,2.0
6,6,64.935,0,1,5,1,14,18,1,8,0,0.0
7,12,142.857,15,0,11,1,0,0,1,0,0,1.0
8,6,25.974,108,3,2,1,15,0,1,0,0,0.0
9,5,222.157,7,8,5,3,5,0,4,0,0,1.0
10,9,49.062,153,1,6,1,1,22,1,5,0,0.0
11,11,51.948,197,25,4,1,0,0,1,0,0,0.0
12,11,129.87,14,4,10,1,20,0,1,0,0,0.0
13,0,12.987,0,1,1,1,0,6,1,6,0,0.0
14,4,38.961,9,1,3,1,2,7,1,0,0,2.0
15,0,38.961,0,30,1,3,11,0,3,52,0,2.0
16,11,354.393,285,3,11,5,38,11,5,0,43,1.0
17,10,142.857,1,6,11,1,1,3,1,0,0,0.0
18,2,285.714,52,41,2,11,1,0,11,73,0,0.0
19,3,38.961,0,17,3,1,0,0,1,0,0,0.0
20,4,51.948,0,14,4,1,0,0,1,0,0,0.0
21,1,38.961,0,6,1,3,0,14,3,10,1,0.0
22,8,311.688,13,2,8,3,0,0,3,0,6,0.0
23,1,25.974,0,4,2,1,0,0,1,0,0,0.0
24,0,12.987,0,1,1,1,0,1,1,0,0,0.0
25,10,103.896,13,1,8,1,0,0,1,0,0,0.0
26,4,64.935,7,2,5,1,0,0,1,1,0,1.0
27,1,427.843,32,18,4,11,0,0,11,0,0,1.0
28,3,51.948,0,2,4,0,0,4,1,0,0,1.0
29,1,12.987,0,0,1,1,2,0,1,9,0,2.0
30,2,129.87,5,20,2,5,2,3,5,5,0,0.0
31,8,114.777,0,3,5,1,0,0,2,0,0,1.0
32,10,51.948,209,1,4,1,0,0,1,0,0,2.0
33,0,77.922,10,13,4,2,15,0,2,0,0,1.0
34,11,25.974,135,1,2,1,2,0,1,3,0,2.0
35,4,556.998,126,1,3,6,40,13,6,1,6,1.0
36,2,516.88,69,9,4,11,40,0,11,0,0,1.0
37,1,25.974,0,2,2,1,0,6,1,0,0,0.0
38,5,64.935,0,0,5,1,0,1,1,0,0,1.0
39,11,467.532,156,15,6,6,4,1,6,18,0,1.0
40,7,73.099,151,11,8,1,0,0,1,8,0,0.0
41,0,12.987,0,11,2,1,0,0,1,19,0,0.0
42,1,12.987,9,9,1,1,0,2,1,0,0,0.0
43,9,190.125,226,1,14,2,6,0,2,0,4,0.0
44,8,144.898,7,7,8,1,4,2,1,10,0,1.0
45,0,12.987,0,0,2,1,0,1,1,0,0,0.0
46,8,25.974,215,3,2,1,1,0,1,0,0,0.0
47,0,25.974,0,0,1,2,0,0,2,0,0,0.0
48,9,346.086,273,1,11,3,20,0,3,0,10,1.0
49,1,12.987,43,9,1,1,6,0,1,8,0,0.0
50,1,77.922,2,14,2,4,2,3,4,0,3,1.0
51,3,38.961,11,2,3,1,0,2,1,3,1,0.0
52,1,25.974,0,0,2,1,0,0,1,0,0,0.0
53,0,12.987,1,1,1,1,0,2,1,0,0,1.0
54,1,25.974,0,4,2,1,0,0,1,2,0,0.0
55,7,417.43,204,7,8,9,0,0,9,5,0,0.0
56,3,265.629,77,67,15,1,66,0,2,0,0,0.0
57,2,165.269,36,35,13,1,42,22,1,0,25,2.0
58,0,229.84,1,75,15,2,90,2,2,0,60,1.0
59,3,107.341,109,7,8,1,11,0,1,0,0,0.0
60,8,116.883,0,4,9,1,2,0,1,4,0,0.0
61,5,155.844,2,14,6,2,0,0,2,0,0,0.0
62,12,253.448,113,2,13,2,2,5,2,6,0,2.0
63,6,90.909,16,4,7,1,0,21,1,4,0,0.0
64,6,181.818,0,31,7,2,15,0,2,0,0,0.0
65,9,984.035,278,34,14,2,76,8,2,16,4,0.0
66,7,103.896,0,1,8,1,5,0,1,0,0,0.0
67,9,193.102,273,0,12,2,4,0,2,0,0,0.0
68,8,233.766,9,29,9,2,34,0,2,0,0,2.0
69,5,131.469,152,109,11,1,0,0,1,59,7,0.0
70,9,103.896,59,5,8,1,0,1,1,0,0,1.0
71,8,511.94,258,7,12,8,38,1,8,0,0,0.0
72,2,77.064,16,4,7,2,11,16,1,3,1,1.0
73,9,76.596,268,22,8,1,1,51,1,0,0,0.0
74,4,727.909,120,124,11,5,2,3,6,17,0,2.0
75,2,530.218,51,27,7,7,19,0,7,0,0,0.0
76,7,784.381,215,0,14,6,31,0,6,0,0,0.0
77,9,346.814,232,50,11,3,0,0,3,8,0,1.0
78,1,368.654,30,4,10,4,10,0,4,4,0,0.0
79,5,419.185,135,5,13,3,0,0,3,0,0,0.0
80,0,1026.753,2,4,11,14,4,0,16,0,0,0.0
81,8,520.195,181,1,11,6,1,0,6,0,33,0.0
82,11,617.695,229,0,15,4,0,1,4,0,25,0.0
83,9,38.961,194,17,3,1,3,0,1,3,0,1.0
84,1,163.787,16,0,9,1,0,16,1,0,0,0.0
85,7,1112.644,49,17,16,8,0,0,8,0,0,0.0
86,6,25.974,140,15,2,1,0,0,1,22,0,0.0
87,8,77.922,26,4,6,1,7,18,1,0,0,2.0
88,5,218.27,134,42,8,2,57,1,2,6,0,0.0
89,5,311.688,2,3,6,2,16,0,4,0,0,1.0
90,5,467.532,22,20,6,6,11,0,6,0,0,0.0
91,12,155.844,0,0,12,1,0,44,1,0,0,1.0
92,12,1038.96,55,24,10,7,2,0,8,0,11,2.0
93,1,390.988,39,8,12,5,48,0,5,0,0,1.0
94,4,324.675,20,1,5,4,0,0,5,0,0,0.0
95,0,88.959,0,15,6,1,0,0,1,0,0,0.0
96,9,829.166,273,20,15,6,25,0,7,34,0,0.0
97,11,155.844,4,2,12,1,14,0,1,0,0,2.0
98,12,129.87,26,41,10,1,9,0,1,9,0,2.0
99,0,822.991,0,109,15,6,119,9,6,0,39,2.0
100,1,557.167,36,23,13,3,100,0,4,3,0,1.0
101,10,116.883,60,0,9,1,0,0,1,0,0,1.0
102,7,610.727,223,75,15,9,52,0,9,2,0,0.0
103,4,139.425,11,4,6,3,0,0,3,10,0,0.0
104,12,465.257,46,96,13,3,97,0,3,35,0,0.0
105,12,467.532,178,11,6,6,13,0,6,0,0,2.0
106,5,64.935,29,17,5,1,0,0,1,0,0,1.0
107,4,166.946,128,28,9,5,17,1,6,9,0,1.0
108,12,114.725,100,20,10,1,27,0,1,7,0,0.0
109,12,469.547,181,2,13,3,118,0,4,1,43,0.0
110,12,155.844,0,0,12,1,0,10,1,0,0,0.0
111,9,116.883,48,1,9,1,0,0,1,0,0,0.0
112,3,108.693,84,5,11,1,1,21,1,0,0,0.0
113,1,680.511,43,101,15,5,79,2,5,0,113,2.0
114,0,470.08,11,8,8,4,0,0,5,12,0,1.0
115,0,547.508,6,12,15,4,0,0,4,0,0,1.0
116,5,77.922,8,1,6,1,0,0,1,0,0,0.0
117,6,311.688,28,0,6,3,0,0,4,0,0,1.0
118,12,64.935,200,8,5,1,0,10,1,3,0,0.0
119,12,38.961,124,0,3,1,0,0,1,0,0,0.0
120,5,64.935,16,25,5,1,6,0,1,6,0,1.0
121,9,129.87,8,6,10,1,4,4,1,1,0,1.0
122,0,183.222,0,89,15,1,0,3,1,49,0,0.0
123,7,77.922,48,7,6,1,0,2,1,9,0,2.0
124,11,64.935,196,3,5,1,1,0,1,0,0,0.0
125,2,38.337,63,2,4,1,0,7,1,0,0,0.0
126,6,12.987,176,1,1,1,0,0,1,0,0,1.0
127,8,119.028,45,2,11,1,0,3,1,0,0,0.0
128,10,440.7,15,49,12,3,57,0,3,0,0,2.0
129,3,318.825,31,9,9,0,4,0,4,0,0,1.0
130,8,207.792,13,1,8,2,0,0,2,0,0,0.0
131,9,12.987,262,0,1,1,12,0,1,0,0,0.0
132,9,51.948,188,6,4,1,0,0,1,0,0,1.0
133,12,142.857,16,58,11,1,122,0,1,2,0,1.0
134,1,77.922,29,5,7,1,10,3,1,70,0,2.0
135,6,12.987,166,3,1,1,0,0,1,0,0,0.0
136,8,159.653,49,23,11,2,13,35,2,27,0,0.0
137,0,563.732,1,5,12,4,0,4,4,20,0,0.0
138,5,454.61,147,34,11,1,64,0,1,58,0,0.0
139,12,196.144,1,18,9,2,22,0,2,0,0,0.0
140,12,857.142,17,42,11,6,0,0,6,0,0,1.0
141,12,103.896,226,3,4,2,2,3,2,0,0,0.0
142,12,401.323,6,0,12,2,0,0,2,0,0,0.0
143,11,142.857,28,10,11,1,1,15,1,1,0,0.0
144,10,408.031,230,45,14,5,40,0,5,0,89,2.0
145,12,155.844,225,3,4,2,4,0,3,0,10,0.0
146,11,116.883,50,4,9,1,28,23,1,4,0,0.0
147,3,51.948,0,1,4,1,0,0,1,0,0,1.0
148,12,142.857,0,4,11,1,0,0,1,0,0,1.0
149,0,64.935,0,2,6,1,0,0,1,6,0,0.0
150,12,142.857,5,11,11,1,21,0,1,0,0,0.0
151,12,999.999,24,47,11,7,0,1,7,4,0,2.0
152,11,142.857,1,2,11,1,0,0,1,0,0,0.0
153,2,218.01,61,0,5,3,0,0,3,0,0,1.0
154,0,564.525,0,17,12,3,1,49,4,42,0,0.0
155,6,181.818,30,0,8,2,0,0,2,0,0,0.0
156,5,64.896,77,27,4,2,0,0,2,0,0,0.0
157,4,64.935,7,3,5,1,0,0,1,6,0,0.0
158,12,142.857,0,1,11,1,0,0,1,0,0,0.0
159,11,207.792,87,23,8,2,4,5,2,19,0,2.0
160,2,25.974,60,5,2,1,6,0,1,0,0,1.0
161,2,233.753,67,1,10,2,6,0,2,0,0,0.0
162,0,1700.556,27,19,13,10,65,1,14,22,0,0.0
163,11,142.857,16,23,11,1,7,0,1,7,8,0.0
164,11,127.153,161,10,12,1,112,17,1,3,0,0.0
165,11,103.896,75,12,8,1,63,0,1,18,3,1.0
166,7,944.489,216,3,11,1,2,0,9,4,0,0.0
167,7,1072.5,98,40,12,7,66,2,7,81,0,2.0
168,4,194.805,21,18,5,3,0,0,3,0,0,1.0
169,11,768.456,245,17,13,10,23,0,10,0,69,0.0
170,12,129.87,26,13,10,1,0,23,1,0,0,1.0
171,9,129.87,0,2,10,1,4,21,1,0,0,0.0
172,3,51.948,13,1,4,1,3,1,1,11,0,0.0
173,11,571.428,8,0,11,4,0,0,4,0,90,0.0
174,10,142.857,1,0,11,0,0,0,1,0,0,0.0
175,0,428.558,0,10,12,3,0,0,3,0,0,0.0
176,11,142.857,1,15,11,1,15,0,1,6,0,0.0
177,11,155.844,226,88,4,3,42,2,4,22,114,2.0
178,11,142.857,5,61,11,1,14,0,1,34,0,0.0
179,3,12.974,99,23,1,1,0,0,1,2,0,2.0
180,11,116.883,72,0,9,1,0,0,1,0,0,0.0
181,10,125.97,52,12,10,1,1,34,1,27,0,0.0
182,11,233.766,58,4,9,2,0,0,2,15,0,1.0
183,7,207.792,2,3,8,2,0,0,2,0,0,0.0
184,10,233.766,232,28,3,6,0,0,6,1,0,1.0
185,11,38.961,232,3,3,1,4,17,1,0,0,0.0
186,11,680.303,81,12,11,6,33,0,6,0,0,1.0
187,11,142.857,4,7,11,1,2,7,1,0,0,1.0
188,5,51.948,147,1,1,0,0,0,4,0,0,1.0
189,12,103.896,83,83,8,1,36,3,1,0,2,0.0
190,11,38.961,228,22,3,1,46,2,1,0,0,1.0
191,7,311.688,5,18,8,1,8,5,2,0,0,1.0
192,11,142.857,5,20,11,1,9,7,1,13,0,0.0
193,0,537.719,2,17,16,12,1,0,12,0,0,2.0
194,9,259.74,0,7,10,2,1,0,2,0,0,0.0
195,7,25.974,179,84,2,1,0,0,1,3,1,0.0
196,5,155.844,9,21,6,2,0,0,2,0,0,0.0
197,7,1079.195,181,18,9,15,51,0,15,0,0,1.0
198,0,160.992,11,5,4,4,0,0,4,0,0,0.0
199,5,77.922,0,0,6,1,0,1,1,0,0,1.0
200,4,133.848,67,4,6,3,10,7,3,0,0,0.0
201,0,38.948,0,3,5,1,0,1,1,3,0,1.0
202,0,1088.399,8,2,8,11,0,0,11,0,0,2.0
203,1,834.171,30,17,10,10,15,0,10,0,0,1.0
204,6,87.607,181,5,3,3,0,0,4,3,0,2.0
205,1,175.253,16,4,8,3,0,0,3,0,0,0.0
206,5,77.922,0,2,6,1,0,0,1,2,0,1.0
207,1,41.639,26,2,3,2,0,0,2,0,0,2.0
208,7,103.896,0,10,8,1,0,0,1,0,0,1.0
209,0,35.061,6,6,4,1,12,0,1,0,0,0.0
210,11,77.922,82,8,6,1,12,28,1,2,0,0.0
211,3,94.458,98,2,4,2,0,1,2,0,0,2.0
212,11,103.896,72,5,8,1,2,1,1,1,0,0.0
213,7,66.222,149,26,6,1,11,0,1,7,0,1.0
214,11,311.688,94,0,8,4,0,0,4,0,9,0.0
215,6,311.688,22,4,6,4,0,0,4,0,0,0.0
216,11,64.935,164,0,5,1,7,0,1,0,0,0.0
217,5,25.974,135,4,1,2,18,0,2,0,0,1.0
218,2,207.792,36,49,2,8,30,10,8,30,0,0.0
219,11,142.857,0,12,11,1,1,0,1,0,0,0.0
220,5,487.877,148,18,9,5,11,0,5,4,0,2.0
221,11,305.175,211,15,5,4,6,0,5,6,0,2.0
222,11,266.643,61,15,13,2,5,0,2,14,0,0.0
223,9,779.22,8,6,10,6,0,0,6,0,0,0.0
224,6,77.909,182,14,4,1,0,0,1,2,0,1.0
225,11,103.896,64,11,8,1,46,0,1,0,0,0.0
226,10,155.844,130,0,6,2,3,24,2,7,0,0.0
227,5,215.553,149,1,6,4,0,0,4,5,0,0.0
228,6,77.922,11,0,6,1,11,17,1,0,0,0.0
229,11,77.922,141,8,6,1,0,32,1,0,0,0.0
230,11,519.48,7,0,10,4,0,0,4,0,0,0.0
231,4,51.948,26,14,4,1,12,0,1,2,0,1.0
232,0,389.597,1,0,12,2,0,0,2,0,0,0.0
233,11,25.974,280,3,1,2,10,0,2,13,0,0.0
234,11,129.87,0,1,10,1,0,0,1,0,0,0.0
235,11,51.948,184,0,4,1,5,0,1,0,0,0.0
236,4,531.635,112,1,11,4,0,1,5,0,0,0.0
237,11,25.974,248,15,2,1,9,20,1,7,5,0.0
238,1,419.692,11,74,12,4,42,12,4,0,58,0.0
239,11,129.87,0,2,10,1,0,0,1,0,0,0.0
240,7,90.909,5,4,7,1,0,2,1,0,0,0.0
241,4,155.844,4,1,4,3,1,0,3,0,0,1.0
242,9,259.74,63,5,10,0,0,6,2,0,0,0.0
243,3,673.036,79,8,10,1,19,0,1,0,0,0.0
244,11,129.87,0,42,10,1,0,0,1,0,0,0.0
245,11,95.602,273,25,11,1,0,0,1,0,0,0.0
246,0,659.802,0,62,13,3,0,0,6,0,0,0.0
247,1,1122.394,24,14,13,4,0,0,9,0,0,0.0
248,9,177.736,199,54,7,2,9,23,2,0,0,1.0
249,6,623.376,29,95,6,1,55,2,1,58,0,2.0
250,3,49.79,74,4,7,1,0,0,1,0,0,0.0
251,11,1428.57,0,4,10,2,6,0,3,0,0,1.0
252,10,908.726,49,53,11,7,21,0,7,79,37,1.0
253,5,526.942,156,5,12,12,26,7,12,13,0,0.0
254,10,64.935,156,3,5,1,0,6,1,1,0,1.0
255,10,155.844,192,57,4,3,113,5,3,0,35,1.0
256,0,77.922,4,1,7,1,12,0,1,0,0,0.0
257,10,64.935,173,4,5,1,8,0,1,1,0,1.0
258,6,1073.852,211,47,13,8,21,15,9,4,20,2.0
259,3,103.896,0,9,4,1,0,0,1,1,0,2.0
260,0,207.779,0,7,9,2,0,0,2,19,0,0.0
261,0,35.854,16,1,4,1,0,6,1,0,0,0.0
262,3,51.948,0,1,4,1,9,4,1,0,0,0.0
263,6,155.844,26,2,6,1,25,2,1,5,0,1.0
264,0,518.609,5,1,7,8,5,0,8,0,0,0.0
265,9,129.87,0,44,10,1,0,27,1,0,0,0.0
266,10,302.757,217,21,5,6,77,4,6,13,0,1.0
267,3,51.948,20,56,4,1,1,0,1,3,0,1.0
268,8,260.546,243,3,14,4,60,0,3,2,0,0.0
269,2,79.378,12,7,7,1,78,4,1,0,0,0.0
270,10,71.383,86,2,9,1,1,0,1,4,0,0.0
271,3,99.931,70,0,9,1,0,4,1,0,0,0.0
272,10,1428.531,31,46,11,7,0,1,11,0,0,1.0
273,1,25.974,21,9,3,1,10,7,1,0,0,0.0
274,0,949.416,4,12,16,10,62,0,10,22,0,0.0
275,10,818.974,126,115,12,7,8,0,7,76,4,2.0
276,0,319.137,11,65,7,5,2,0,5,2,0,0.0
277,6,181.818,0,4,7,2,0,0,2,0,0,1.0
278,4,90.467,132,8,13,1,4,5,2,6,0,2.0
279,11,103.896,52,0,8,1,0,44,1,0,0,0.0
280,8,116.883,1,3,9,1,0,0,1,0,0,0.0
281,3,75.309,0,3,7,1,0,0,1,0,0,0.0
282,4,129.87,0,8,5,2,0,0,2,0,0,1.0
283,2,37.934,51,22,4,1,0,14,1,0,0,0.0
284,2,90.415,70,5,4,3,13,0,4,0,0,1.0
285,4,181.818,100,0,2,1,0,0,7,0,0,0.0
286,8,78.507,243,17,10,2,3,12,1,2,0,1.0
287,10,388.973,31,3,11,3,0,0,3,0,0,1.0
288,10,701.298,37,2,9,1,4,0,6,0,0,0.0
289,8,467.532,14,69,9,4,4,0,4,0,0,1.0
290,1,149.916,48,5,5,3,18,0,3,14,0,0.0
291,0,193.297,7,3,6,4,15,0,4,0,0,1.0
292,10,64.935,158,1,5,1,0,0,1,0,0,0.0
293,6,12.987,174,12,1,1,0,0,1,0,0,1.0
294,10,434.46,215,1,12,4,35,43,4,0,0,0.0
295,10,310.869,153,1,13,2,24,10,3,0,0,0.0
296,10,129.87,0,0,10,1,0,1,1,0,0,0.0
297,0,535.041,11,7,8,3,7,0,3,0,0,1.0
298,0,192.257,0,19,9,1,25,0,1,11,0,0.0
299,8,189.54,26,2,9,1,0,51,1,0,0,0.0
300,3,207.792,0,8,4,3,0,0,4,0,0,1.0
301,0,462.683,6,8,7,5,0,0,6,0,0,1.0
302,2,38.961,8,5,3,1,2,0,1,0,0,0.0
303,4,389.61,3,5,5,2,0,0,6,0,0,2.0
304,5,77.922,7,0,6,1,0,4,1,0,0,0.0
305,5,155.844,1,0,6,2,0,0,2,0,0,1.0
306,8,116.883,0,0,9,1,0,0,1,0,0,0.0
307,7,90.909,14,9,7,1,0,0,1,2,0,1.0
308,7,103.896,0,16,8,1,0,11,1,1,0,2.0
309,0,88.205,0,3,5,1,0,1,1,1,0,1.0
310,1,62.491,14,4,6,1,3,5,1,0,0,0.0
311,5,194.805,105,8,3,5,3,0,5,0,0,0.0
312,3,103.896,7,1,4,2,0,0,2,0,0,1.0
313,10,129.87,2,8,10,1,1,14,1,0,0,1.0
314,7,345.956,202,6,4,9,17,0,9,0,0,0.0
315,1,1014.676,43,2,12,5,44,0,9,0,0,0.0
316,6,77.922,20,26,6,1,0,0,1,0,0,0.0
317,9,304.395,279,11,9,2,65,38,2,5,0,0.0
318,0,189.527,0,3,12,2,10,2,2,0,0,1.0
319,5,77.922,0,14,6,1,0,0,1,0,0,0.0
320,7,1139.671,31,29,9,8,4,0,11,2,0,0.0
321,10,1793.857,199,7,12,14,8,0,16,75,19,2.0
322,4,25.974,81,1,2,1,0,0,1,0,2,1.0
323,10,584.415,14,11,9,4,19,0,5,0,7,1.0
324,10,467.532,18,66,9,2,6,3,2,65,0,0.0
325,0,116.87,9,0,10,1,6,0,1,0,0,0.0
326,10,701.298,20,124,9,5,14,0,6,0,0,0.0
327,6,236.34,0,12,10,2,0,0,2,0,0,0.0
328,1,221.13,0,1,12,2,0,0,2,0,0,0.0
329,7,79.209,196,2,8,1,7,32,1,0,0,0.0
330,10,116.883,18,9,9,1,0,0,1,0,10,0.0
331,10,129.87,1,1,10,1,0,29,1,0,0,0.0
332,4,25.974,105,1,2,1,2,0,1,0,0,0.0
333,10,257.179,183,17,9,3,73,2,3,2,0,1.0
334,6,90.909,0,1,7,0,0,1,1,0,0,1.0
335,6,389.61,38,6,5,6,0,0,6,1,0,1.0
336,0,77.116,2,1,4,2,0,0,2,0,0,1.0
337,10,233.766,1,49,9,2,47,0,2,0,0,0.0
338,10,272.727,73,5,7,3,0,0,3,2,0,0.0
339,9,64.883,31,6,9,1,0,0,1,0,0,1.0
340,5,544.258,32,4,8,3,9,0,3,0,0,1.0
341,10,116.883,11,5,9,1,0,10,1,0,0,0.0
342,10,116.883,92,0,8,1,0,0,1,0,0,0.0
343,10,363.636,70,9,7,4,107,0,4,0,0,0.0
344,5,38.961,86,0,3,1,0,0,1,0,0,0.0
345,5,458.9,137,21,7,6,12,0,6,2,3,0.0
346,1,459.225,4,2,13,4,0,0,4,0,0,0.0
347,10,77.922,94,9,6,1,6,12,1,8,0,0.0
348,0,116.883,1,3,10,1,118,10,1,0,0,0.0
349,5,115.492,31,9,9,2,7,27,1,15,0,1.0
350,10,350.649,0,31,9,3,86,2,3,13,0,0.0
351,10,116.883,9,28,9,1,0,49,1,30,0,0.0
352,1,114.14,25,31,10,1,0,27,1,1,0,0.0
353,8,392.405,213,10,10,3,0,0,3,0,0,0.0
354,7,19.474,226,17,2,1,0,1,1,2,0,1.0
355,1,51.948,1,5,2,2,0,0,2,12,0,2.0
356,1,111.709,43,3,3,4,0,0,5,1,0,0.0
357,9,718.432,56,2,9,7,0,0,7,0,0,2.0
358,0,588.211,27,125,11,5,5,0,5,0,0,0.0
359,9,584.415,4,35,9,1,0,0,5,0,0,0.0
360,5,233.766,0,7,6,3,0,0,3,1,0,1.0
361,9,616.226,139,16,14,16,3,0,16,0,0,0.0
362,4,64.935,0,12,5,1,1,26,1,2,0,1.0
363,9,116.389,255,11,6,3,4,1,3,21,7,1.0
364,4,51.948,39,2,4,1,3,6,1,0,0,0.0
365,9,1048.58,93,5,10,10,30,0,9,5,27,0.0
366,9,103.896,42,11,8,1,0,0,1,0,0,0.0
367,1,12.987,50,0,1,1,0,0,1,0,0,0.0
368,9,467.532,3,60,9,2,0,0,4,0,34,1.0
369,1,65.884,46,11,7,1,69,4,1,22,0,0.0
370,0,38.961,0,0,2,1,0,0,1,0,0,2.0
371,2,116.883,1,9,3,3,0,0,3,0,0,1.0
372,9,139.152,245,1,10,2,4,0,2,0,0,0.0
373,9,116.883,10,13,9,1,42,7,1,0,0,2.0
374,9,38.961,233,21,1,3,23,0,3,2,43,0.0
375,3,194.805,36,6,3,5,0,0,5,0,0,2.0
376,2,77.922,0,1,3,2,0,0,2,0,0,1.0
377,6,322.92,99,2,6,4,13,3,4,0,0,1.0
378,9,90.909,62,27,7,1,0,0,1,0,0,0.0
379,5,265.694,160,5,7,5,0,0,5,0,0,1.0
380,9,38.961,188,4,3,1,1,9,1,0,0,0.0
381,3,51.948,0,0,4,1,0,0,1,0,0,1.0
382,7,197.262,216,33,2,2,1,32,2,24,0,0.0
383,0,51.831,1,17,5,1,0,0,1,0,0,0.0
384,9,25.974,208,3,2,1,9,0,1,0,80,0.0
385,5,701.298,31,57,7,4,27,0,9,18,0,0.0
386,9,614.302,214,32,12,4,4,0,4,0,0,0.0
387,9,116.883,4,22,9,1,40,4,1,0,0,1.0
388,4,400.634,122,8,11,0,21,18,1,6,0,1.0
389,1,879.047,31,0,10,12,0,0,12,0,0,0.0
390,3,36.309,84,1,4,1,2,14,1,0,0,0.0
391,4,12.987,138,2,1,1,0,2,1,6,0,2.0
392,9,116.883,2,2,9,1,0,0,1,0,0,1.0
393,3,71.396,43,5,8,1,0,0,1,0,0,0.0
394,0,38.961,18,2,2,1,0,0,2,0,0,1.0
395,8,110.37,0,15,10,2,2,1,2,12,0,1.0
396,1,25.974,0,31,2,1,5,0,1,0,0,1.0
397,3,40.248,91,5,3,1,0,26,1,0,0,0.0
398,2,38.961,0,1,3,1,0,0,1,0,0,0.0
399,8,908.778,258,30,8,11,17,0,11,41,28,0.0
400,5,75.764,160,4,3,5,0,0,6,0,0,0.0
401,9,458.302,212,8,11,7,0,2,8,4,0,1.0
402,0,25.831,1,0,3,0,2,3,1,0,0,0.0
403,3,12.987,81,3,1,1,1,0,1,0,0,1.0
404,9,90.909,46,82,7,1,19,0,1,11,0,1.0
405,9,312.637,243,26,9,2,0,0,2,0,0,1.0
406,9,116.883,1,12,9,1,1,0,1,0,50,1.0
407,2,77.922,0,1,3,2,0,0,2,0,0,2.0
408,8,12.987,250,20,1,1,0,0,1,1,0,0.0
409,9,1357.486,59,139,10,15,21,0,15,0,1,0.0
410,10,77.922,77,36,6,1,17,0,1,4,0,0.0
411,9,116.883,0,3,9,1,0,7,1,0,0,1.0
412,7,90.909,28,9,7,1,41,0,1,2,0,1.0
413,9,103.896,14,9,8,1,0,0,1,0,0,0.0
414,9,207.792,20,1,8,2,0,0,2,0,0,0.0
415,0,707.642,0,24,6,21,17,0,21,1,0,1.0
416,9,323.804,93,3,10,3,0,0,3,0,0,0.0
417,3,57.122,69,7,2,2,0,0,2,0,0,0.0
418,1,12.987,22,2,1,1,0,0,1,6,0,2.0
419,3,103.896,0,1,4,2,0,0,2,0,0,1.0
420,5,151.957,143,2,9,2,37,4,2,0,11,1.0
421,9,51.948,141,4,4,1,0,4,1,0,0,1.0
422,5,43.966,151,24,5,1,1,0,1,18,0,1.0
423,1,104.598,32,5,9,1,14,0,1,0,0,2.0
424,9,443.547,45,7,11,4,0,0,4,0,0,1.0
425,2,77.922,9,1,3,2,0,0,2,0,0,2.0
426,3,155.844,3,8,4,3,0,0,4,0,0,0.0
427,9,230.516,279,0,10,5,18,0,5,0,0,1.0
428,0,77.909,0,0,3,3,0,0,3,0,0,1.0
429,7,19.474,205,14,2,1,1,0,1,0,0,0.0
430,2,25.974,33,1,2,1,0,0,1,0,0,1.0
431,8,25.974,197,2,2,0,0,0,1,5,0,1.0
432,9,103.896,21,24,8,1,0,0,1,0,0,2.0
433,4,155.844,28,13,4,3,0,0,3,0,0,0.0
434,9,833.95,212,4,13,8,19,0,8,0,0,0.0
435,1,64.766,38,18,4,2,2,0,2,0,0,0.0
436,9,350.649,0,6,9,3,1,0,3,0,0,1.0
437,5,545.454,31,3,7,7,0,0,7,0,0,1.0
438,0,454.545,1,37,6,7,0,0,7,0,0,0.0
439,9,623.376,9,0,8,6,21,0,6,0,0,0.0
440,4,64.935,7,1,5,1,0,0,1,0,0,0.0
441,7,77.909,204,9,4,3,0,12,3,0,1,0.0
442,1,100.555,38,1,3,4,8,2,4,0,0,0.0
443,0,617.539,0,24,9,5,0,0,6,0,0,1.0
444,9,103.896,0,1,8,1,0,0,1,0,0,0.0
445,9,25.974,231,5,1,2,0,0,2,0,0,2.0
446,9,333.463,7,9,8,3,87,2,3,0,0,1.0
447,6,90.298,33,3,8,1,0,7,1,0,0,0.0
448,5,710.372,122,60,15,10,10,0,11,0,49,0.0
449,9,230.789,209,30,7,7,0,0,7,0,0,1.0
450,9,103.896,5,19,8,1,0,30,1,41,0,0.0
451,0,25.974,0,16,2,2,0,0,2,0,0,1.0
452,2,214.006,0,12,4,3,1,5,3,7,0,0.0
453,1,103.896,0,23,2,3,0,4,4,1,0,0.0
454,5,103.896,38,18,4,2,1,0,2,0,7,1.0
455,2,181.818,17,0,2,7,0,0,7,0,0,0.0
456,1,25.974,0,13,2,1,0,0,1,0,0,0.0
457,9,103.896,0,1,8,1,0,0,1,1,0,0.0
458,2,155.844,15,2,2,6,5,0,6,2,0,1.0
459,1,158.769,31,23,3,1,3,0,7,1,0,2.0
460,9,103.896,0,1,8,1,0,0,1,0,0,0.0
461,2,199.732,44,0,4,9,2,0,9,0,0,1.0
462,0,12.987,0,1,1,1,0,0,1,0,0,1.0
463,9,155.844,149,17,3,4,30,1,4,5,0,1.0
464,9,96.72,252,12,2,2,44,16,2,5,29,0.0
465,0,12.987,0,0,1,1,0,0,1,0,0,1.0
466,3,25.974,63,1,2,0,0,0,1,0,0,1.0
467,7,89.232,17,94,7,2,38,0,1,12,58,0.0
468,1,602.03,9,8,11,6,2,0,6,4,0,1.0
469,9,90.649,58,14,8,1,0,13,1,0,0,0.0
470,6,25.974,149,4,2,1,8,6,1,0,0,0.0
471,8,470.106,223,28,12,6,22,0,6,64,0,0.0
472,9,133.393,181,31,10,2,20,0,2,30,37,0.0
473,4,64.935,0,17,5,1,8,0,1,2,0,0.0
474,8,51.948,12,4,4,1,0,0,1,1,0,1.0
475,1,1170.832,9,18,11,12,10,0,13,5,0,0.0
476,8,103.896,0,5,8,1,0,0,1,0,0,1.0
477,9,62.673,215,2,6,1,2,28,1,0,0,0.0
478,1,51.948,0,3,2,1,3,0,2,0,0,1.0
479,9,207.792,0,1,8,2,0,18,2,6,0,1.0
480,9,207.792,0,4,8,2,5,0,2,0,0,2.0
481,1,313.638,29,7,9,3,0,0,3,0,0,1.0
482,0,310.362,4,0,9,3,0,0,3,0,0,0.0
483,8,1246.752,7,22,8,11,7,0,12,0,79,1.0
484,8,104.351,62,29,8,3,0,0,3,79,0,0.0
485,7,311.688,20,10,8,7,15,0,7,2,0,1.0
486,8,623.363,36,0,9,6,0,0,6,0,0,0.0
487,4,25.974,91,5,2,1,8,0,1,2,0,0.0
488,8,715.104,30,2,9,7,0,0,7,0,0,0.0
489,8,313.001,212,4,11,6,70,1,6,3,0,0.0
490,4,129.87,0,28,5,2,1,0,2,0,0,1.0
491,8,327.795,195,10,11,4,10,0,4,6,2,0.0
492,7,371.124,227,15,10,5,1,8,5,12,0,0.0
493,0,12.987,0,1,1,1,0,0,1,0,0,1.0
494,4,194.805,0,4,5,3,0,0,3,0,0,0.0
495,0,1337.557,22,52,10,11,37,0,13,0,50,1.0
496,6,25.974,169,4,2,1,4,0,1,13,0,1.0
497,4,227.175,65,13,5,7,5,0,5,0,78,0.0
498,0,12.987,1,2,1,1,0,0,1,1,0,0.0
499,8,103.896,0,24,8,1,8,12,1,0,25,0.0
500,5,236.093,1,0,9,3,19,0,3,0,0,1.0
501,8,519.48,14,26,8,4,7,46,5,2,0,2.0
502,3,12.987,87,2,1,1,0,3,1,0,0,0.0
503,8,524.407,253,26,9,10,3,0,10,0,0,0.0
504,0,207.701,2,0,3,8,0,0,8,0,0,0.0
505,2,38.961,77,9,1,3,10,0,3,0,0,0.0
506,0,12.987,0,4,1,1,0,0,1,2,0,1.0
507,5,12.987,147,3,2,1,10,0,1,0,0,0.0
508,3,587.73,97,14,14,8,0,0,8,0,0,0.0
509,8,307.749,178,4,9,4,22,2,4,0,0,0.0
510,1,19.474,30,3,2,1,0,0,1,0,0,0.0
511,8,415.558,30,10,9,4,0,0,4,0,0,1.0
512,8,1297.062,218,42,9,13,54,0,14,0,0,0.0
513,3,51.948,0,1,4,1,0,4,1,0,0,0.0
514,0,103.896,5,1,9,1,0,0,1,0,0,0.0
515,9,272.727,21,1,7,3,0,0,3,0,0,2.0
516,7,64.935,92,14,5,1,4,16,1,0,0,1.0
517,0,155.623,1,1,7,1,25,3,2,4,0,1.0
518,4,103.896,20,26,4,2,2,4,2,55,0,1.0
519,5,194.805,23,4,5,3,0,0,3,0,0,1.0
520,1,116.883,39,2,4,4,13,3,3,0,2,1.0
521,8,38.961,221,17,1,3,0,0,3,0,0,1.0
522,6,25.974,70,21,2,1,0,2,1,2,0,2.0
523,1,12.987,31,2,1,0,11,0,1,0,0,0.0
524,0,12.987,0,8,1,1,0,0,1,0,0,0.0
525,1,25.974,11,40,2,1,4,0,1,6,0,2.0
526,3,62.296,30,12,5,2,2,10,1,0,0,1.0
527,1,25.974,7,6,2,1,7,16,1,0,0,0.0
528,6,96.096,194,2,4,1,0,9,2,10,0,1.0
529,8,311.688,0,1,8,2,2,11,3,0,0,0.0
530,4,51.948,41,0,4,1,0,0,1,0,0,0.0
531,8,64.935,88,38,5,1,58,0,1,0,9,0.0
532,0,25.974,10,0,1,2,0,27,2,0,0,0.0
533,1,51.948,0,2,2,1,0,0,2,0,0,1.0
534,4,389.61,13,1,5,5,0,0,6,0,0,0.0
535,6,90.909,36,20,8,1,11,2,1,0,0,0.0
536,1,64.935,20,36,1,2,1,2,5,15,0,1.0
537,3,77.922,72,0,4,0,0,0,2,0,0,0.0
538,8,103.896,0,27,8,1,6,48,1,8,3,0.0
539,7,12.987,200,17,2,1,9,0,1,0,0,0.0
540,1,129.87,0,4,2,0,0,0,5,0,0,0.0
541,8,207.792,7,35,8,2,0,0,2,3,0,2.0
542,6,266.994,186,39,10,2,19,0,2,82,29,0.0
543,6,12.987,186,16,1,1,24,0,1,0,2,0.0
544,8,93.886,98,19,9,1,4,30,1,0,0,0.0
545,8,90.909,38,6,7,1,41,5,1,7,0,0.0
546,0,12.987,0,16,1,1,0,4,1,0,0,2.0
547,3,25.974,6,5,2,1,0,20,1,2,0,0.0
548,8,103.896,3,1,8,1,0,7,1,1,0,0.0
549,2,103.896,53,8,3,4,0,0,4,0,0,0.0
550,5,103.896,73,12,4,2,0,4,2,0,0,0.0
551,7,73.45,204,15,2,5,6,0,6,0,0,1.0
552,7,207.012,30,37,9,2,2,0,2,8,0,0.0
553,2,305.058,50,11,9,2,57,0,4,0,0,0.0
554,8,775.983,188,2,10,9,0,0,10,0,0,0.0
555,1,403.481,28,3,9,4,8,0,4,0,0,1.0
556,3,1347.333,102,33,11,17,13,2,17,13,16,2.0
557,8,207.792,138,42,5,4,0,0,4,1,0,0.0
558,7,58.76,140,1,6,1,2,6,1,0,0,0.0
559,0,155.818,1,1,3,6,0,0,6,0,0,1.0
560,8,826.072,233,21,9,16,52,10,16,23,1,1.0
561,3,51.948,1,28,4,0,0,16,1,0,0,0.0
562,3,12.974,84,0,2,1,0,2,1,0,0,0.0
563,4,64.935,0,0,5,1,0,0,1,0,0,0.0
564,8,129.87,175,4,2,5,1,0,5,0,0,0.0
565,1,0.0,10,0,1,4,0,0,5,0,10,2.0
566,8,90.909,6,9,7,1,35,3,1,12,0,0.0
567,0,152.477,0,6,6,2,0,0,3,0,0,1.0
568,0,25.974,0,0,1,2,0,0,2,0,0,1.0
569,4,151.177,122,5,7,3,0,0,3,0,0,1.0
570,4,12.987,127,13,1,1,7,0,1,0,0,1.0
571,2,168.558,48,14,8,2,5,0,2,0,0,0.0
572,1,25.974,23,0,1,2,0,0,2,0,0,1.0
573,8,91.416,153,43,10,1,77,0,1,21,0,0.0
574,2,1369.55,30,12,11,9,17,0,15,0,0,1.0
575,8,207.792,0,108,8,2,1,0,2,0,31,0.0
576,7,12.987,211,19,1,1,0,0,1,58,0,0.0
577,1,25.974,0,2,2,1,0,0,1,0,0,0.0
578,5,64.935,7,21,5,1,12,0,1,4,0,0.0
579,5,155.844,31,1,7,1,0,0,2,0,0,1.0
580,8,90.909,0,14,7,1,6,0,1,0,77,0.0
581,6,129.87,63,29,5,2,0,2,2,4,0,2.0
582,8,272.727,5,4,7,3,0,0,3,0,0,1.0
583,1,51.948,31,6,3,2,0,0,2,0,0,0.0
584,0,64.909,1,0,8,1,0,0,1,0,0,0.0
585,5,382.928,137,0,4,10,40,0,10,0,0,0.0
586,1,259.779,35,16,7,1,0,0,1,17,5,0.0
587,0,38.961,1,1,1,3,0,1,3,2,0,0.0
588,8,90.909,1,1,7,1,1,24,1,0,0,1.0
589,8,12.987,198,6,1,1,0,0,1,21,0,0.0
590,7,90.909,0,2,7,1,24,0,1,0,0,0.0
591,1,247.481,12,55,10,5,33,3,5,24,17,2.0
592,3,103.896,0,1,4,2,0,0,2,2,0,1.0
593,5,530.712,154,60,5,16,32,0,17,11,64,0.0
594,3,38.961,3,7,3,1,1,0,1,0,0,0.0
595,8,51.948,104,24,4,1,4,5,1,2,18,2.0
596,4,51.948,8,10,4,1,0,0,1,4,0,2.0
597,0,38.831,1,1,4,1,0,1,1,0,0,0.0
598,2,272.727,0,2,3,0,0,0,7,0,0,0.0
599,4,64.935,0,2,5,1,0,0,1,0,0,0.0
600,6,103.896,64,40,4,2,3,0,2,0,0,0.0
601,0,25.974,0,0,1,1,0,0,2,0,0,1.0
602,0,25.844,0,7,2,1,0,0,2,0,0,0.0
603,8,909.09,19,13,7,8,31,0,10,0,0,0.0
604,8,51.948,105,1,4,1,0,0,1,0,0,0.0
605,5,77.922,1,1,6,1,0,14,1,0,0,0.0
606,8,652.925,122,12,12,7,39,1,8,37,0,0.0
607,1,53.118,2,5,4,3,0,0,4,0,0,1.0
608,6,193.193,30,3,8,0,0,1,3,1,0,0.0
609,8,90.909,3,2,7,1,0,0,1,6,0,1.0
610,6,38.961,111,7,3,1,0,0,1,0,0,0.0
611,6,181.818,30,6,8,2,0,1,2,0,0,1.0
612,7,439.92,49,53,7,5,1,0,5,35,0,0.0
613,4,765.661,17,41,7,7,16,0,7,0,5,0.0
614,6,371.891,166,27,5,4,27,0,4,0,0,1.0
615,0,12.987,0,3,1,1,0,0,1,11,0,0.0
616,1,15.574,1,1,1,2,0,0,1,0,0,1.0
617,7,49.348,212,1,4,2,15,3,2,0,0,0.0
618,0,632.112,6,1,11,1,6,0,13,0,0,0.0
619,1,12.987,32,1,1,1,1,0,1,0,0,0.0
620,0,12.987,0,1,1,1,0,0,1,0,0,2.0
621,7,90.909,16,2,7,1,1,25,1,3,0,0.0
622,7,155.844,233,25,6,4,0,0,4,6,0,0.0
623,0,12.987,0,0,1,1,0,0,1,0,0,0.0
624,4,77.922,90,3,4,0,3,0,2,3,0,0.0
625,7,90.909,35,11,8,1,0,0,1,2,0,0.0
626,1,12.987,30,0,1,1,0,0,1,2,0,0.0
627,0,12.987,4,5,1,1,1,9,1,9,0,0.0
628,0,25.974,2,1,1,1,0,0,2,0,0,0.0
629,7,90.909,18,1,7,1,0,0,1,0,0,0.0
630,5,701.298,8,9,6,9,32,0,9,0,0,0.0
631,7,155.844,44,0,6,2,15,0,2,0,0,0.0
632,7,90.909,0,3,7,1,5,31,1,3,0,0.0
633,6,25.974,152,17,2,1,1,0,1,0,0,0.0
634,1,51.948,48,12,1,3,2,0,4,0,0,0.0
635,7,459.186,63,8,7,5,60,0,5,8,0,2.0
636,1,150.618,21,22,3,1,9,48,1,0,0,1.0
637,2,116.883,6,0,3,3,0,0,3,0,0,0.0
638,2,38.337,31,3,4,1,5,6,1,0,0,0.0
639,6,181.818,5,0,7,2,13,0,2,0,0,1.0
640,7,109.018,0,2,7,1,0,0,1,3,0,0.0
641,7,90.909,0,1,7,1,0,12,1,0,0,0.0
642,7,129.87,149,2,4,1,0,0,1,0,0,0.0
643,0,103.896,7,4,5,2,0,0,2,0,0,2.0
644,7,90.675,44,0,8,1,0,0,1,0,0,0.0
645,2,334.737,80,10,7,5,19,18,6,0,0,0.0
646,7,67.262,12,5,8,1,48,8,1,5,4,0.0
647,0,25.974,4,3,1,2,0,0,2,16,0,1.0
648,7,38.961,110,16,3,1,0,0,1,26,0,0.0
649,1,25.974,0,1,2,1,0,0,1,0,0,1.0
650,0,272.727,4,78,7,3,1,0,3,0,1,0.0
651,2,25.974,29,0,2,1,0,16,1,0,0,0.0
652,7,181.818,13,1,7,2,0,0,2,0,0,2.0
653,7,343.408,214,32,10,7,0,0,7,0,6,1.0
654,7,51.948,87,4,4,1,0,12,1,0,0,0.0
655,7,272.727,0,14,7,3,0,0,3,3,0,1.0
656,1,1294.306,49,38,7,17,27,0,17,0,0,0.0
657,7,64.935,70,82,5,1,0,29,1,0,0,0.0
658,5,25.974,117,1,2,1,0,2,1,0,0,0.0
659,7,570.375,212,48,13,8,101,0,8,2,7,0.0
660,7,74.022,60,26,6,1,0,0,1,1,0,1.0
661,7,77.922,18,6,6,1,0,11,1,0,0,0.0
662,4,129.87,0,0,5,2,0,0,2,0,0,0.0
663,1,25.974,0,12,2,1,0,0,1,0,0,0.0
664,0,64.935,0,4,1,5,0,0,5,13,0,0.0
665,1,524.979,2,20,8,6,0,0,6,3,90,0.0
666,7,51.948,180,9,1,4,21,0,4,0,0,1.0
667,1,25.974,11,2,2,1,11,9,1,0,0,0.0
668,4,62.049,119,1,7,2,0,14,1,0,0,0.0
669,0,12.987,14,2,1,1,0,0,1,0,0,0.0
670,4,446.771,134,17,6,8,29,0,8,18,0,0.0
671,7,90.909,8,4,7,1,0,0,1,0,0,0.0
672,0,38.961,17,13,2,2,0,0,1,0,0,0.0
673,7,233.766,45,13,7,2,0,0,3,0,0,1.0
674,3,103.896,0,4,4,2,0,0,2,0,0,0.0
675,7,181.818,0,0,7,1,0,0,2,0,0,1.0
676,7,181.779,167,56,7,3,38,12,3,0,13,0.0
677,0,92.885,0,1,3,1,6,0,1,0,0,1.0
678,0,12.987,1,7,1,1,0,0,1,3,0,1.0
679,0,12.987,0,5,1,1,0,0,1,2,0,0.0
680,0,38.961,0,1,2,2,0,0,2,3,0,0.0
681,7,90.909,0,19,7,1,5,0,1,0,0,1.0
682,3,51.948,0,18,4,1,0,0,1,0,0,0.0
683,0,12.987,0,2,1,1,0,0,1,8,0,0.0
684,7,90.909,0,58,7,1,11,0,1,0,0,1.0
685,1,25.974,1,7,2,1,0,0,1,0,0,0.0
686,0,12.987,0,1,1,1,0,0,1,0,0,1.0
687,6,315.302,187,38,13,4,15,0,4,0,0,2.0
688,7,25.974,188,9,1,2,0,4,2,14,0,0.0
689,7,62.907,211,6,2,6,3,0,6,0,0,1.0
690,0,270.361,0,7,8,3,7,1,3,0,0,2.0
691,7,90.909,7,1,7,1,0,0,1,2,0,1.0
692,7,90.909,0,9,7,1,14,0,1,0,0,0.0
693,2,336.349,65,42,9,2,0,0,4,1,0,0.0
694,3,124.644,81,1,1,2,0,0,2,0,0,1.0
695,0,25.87,0,2,2,2,0,0,2,0,0,0.0
696,7,449.137,131,54,10,4,129,0,6,2,2,0.0
697,7,90.909,7,42,7,1,1,0,1,50,6,0.0
698,0,28.197,12,1,2,3,0,0,3,0,0,1.0
699,0,12.987,9,4,1,1,0,0,1,0,0,1.0
700,4,64.935,7,0,5,1,0,0,1,0,0,1.0
701,7,77.922,21,17,6,1,1,18,1,0,18,0.0
702,2,38.961,3,6,3,1,0,0,1,0,0,1.0
703,5,807.859,134,6,15,22,39,0,23,0,0,0.0
704,2,38.961,0,1,3,1,0,0,1,7,0,1.0
705,7,155.831,39,29,7,2,0,0,2,0,0,1.0
706,5,12.987,163,5,1,1,23,0,1,0,0,0.0
707,5,12.987,163,7,1,1,16,0,1,0,0,0.0
708,5,12.987,163,0,1,1,9,0,1,0,0,0.0
709,7,173.29,174,7,3,6,18,0,7,0,0,2.0
710,7,90.909,0,1,7,1,0,0,1,0,0,0.0
711,8,155.844,12,3,6,2,0,49,2,2,0,0.0
712,7,38.961,98,9,3,1,19,0,1,0,0,0.0
713,2,126.88,50,1,3,5,3,2,5,3,0,1.0
714,7,301.808,0,14,8,3,0,0,3,0,0,0.0
715,7,181.818,1,3,7,2,0,0,2,0,0,0.0
716,0,176.943,0,0,9,1,0,0,2,0,0,0.0
717,7,681.46,124,133,9,8,18,0,8,53,80,0.0
718,7,77.922,29,0,6,1,14,0,1,0,0,0.0
719,0,44.122,0,5,3,2,0,3,2,0,0,0.0
720,6,155.844,31,0,6,2,0,0,2,0,0,0.0
721,7,389.61,6,25,6,5,0,0,5,0,30,0.0
722,0,15.574,11,2,2,2,0,0,1,0,0,1.0
723,7,77.922,3,1,6,1,0,2,1,2,6,0.0
724,0,38.961,10,0,4,1,0,0,1,0,0,0.0
725,1,25.974,0,0,2,1,6,0,1,0,0,0.0
726,7,77.922,10,72,6,1,0,0,1,0,0,0.0
727,0,75.959,10,31,7,0,2,31,1,0,0,1.0
728,3,103.896,5,3,4,2,1,0,2,0,0,0.0
729,0,12.987,0,7,1,1,0,0,1,5,0,1.0
730,7,105.872,149,2,4,3,0,0,4,0,0,1.0
731,2,38.961,0,1,3,1,0,0,1,0,0,1.0
732,2,38.961,0,1,3,1,0,4,1,2,0,1.0
733,5,25.974,129,8,1,2,0,0,2,0,0,0.0
734,2,241.319,0,12,8,3,56,4,3,1,0,0.0
735,0,15.574,0,0,1,2,0,0,1,0,0,1.0
736,0,99.853,4,5,9,3,38,0,2,0,0,0.0
737,8,267.02,127,0,7,4,0,1,4,0,5,0.0
738,7,155.844,31,1,7,1,0,0,2,0,0,1.0
739,0,216.476,0,46,8,3,53,0,3,0,0,0.0
740,0,12.987,0,0,1,1,0,0,1,0,0,1.0
741,2,73.177,14,141,7,1,25,0,1,51,128,0.0
742,0,25.974,0,1,1,2,0,0,2,0,0,1.0
743,7,64.935,43,8,5,1,0,0,1,0,0,0.0
744,5,64.935,5,33,5,1,20,0,1,6,0,1.0
745,7,64.935,162,15,1,7,50,0,7,0,0,1.0
746,2,520.338,38,25,9,7,28,0,8,0,0,0.0
747,0,38.961,0,12,2,3,0,0,3,0,0,0.0
748,7,77.922,1,24,6,1,8,1,1,9,0,0.0
749,2,12.987,63,1,1,1,3,5,1,0,0,1.0
750,7,64.935,39,31,5,1,13,0,1,43,78,0.0
751,4,63.947,108,19,5,2,15,4,2,10,12,0.0
752,0,12.987,0,0,1,1,0,0,1,3,0,0.0
753,0,25.974,0,2,1,2,0,0,2,0,0,1.0
754,7,790.764,39,34,9,10,9,0,10,0,5,1.0
755,2,55.419,54,10,7,1,20,8,1,4,0,0.0
756,0,77.922,0,43,7,1,8,9,1,0,0,0.0
757,7,228.527,151,33,7,6,15,0,6,9,0,0.0
758,2,70.369,61,6,6,1,17,0,1,5,0,0.0
759,2,116.883,1,24,3,3,0,1,3,6,0,1.0
760,6,358.137,178,2,7,6,0,0,6,0,0,0.0
761,4,196.248,23,18,6,2,8,2,2,14,0,0.0
762,3,504.491,92,12,4,13,4,0,13,0,52,0.0
763,7,1038.96,73,0,4,10,0,0,20,11,0,1.0
764,1,232.856,2,0,8,2,0,0,3,0,0,1.0
765,0,25.974,0,0,1,1,0,0,1,0,0,0.0
766,7,77.922,6,4,6,1,4,0,1,0,0,0.0
767,5,77.922,0,6,6,1,0,0,1,0,0,1.0
768,7,77.922,10,16,6,1,4,23,1,2,4,1.0
769,1,51.948,30,3,3,2,0,4,2,5,0,2.0
770,6,77.922,8,2,6,1,25,0,1,0,0,0.0
771,1,221.936,29,5,6,3,9,0,4,0,0,1.0
772,2,333.45,61,5,12,7,15,3,7,1,1,1.0
773,6,129.87,28,8,5,2,5,0,2,0,0,1.0
774,0,393.471,12,4,3,11,12,0,12,0,0,0.0
775,3,51.831,45,13,5,1,0,21,1,0,0,0.0
776,6,338.481,184,27,6,15,0,0,15,7,107,0.0
777,0,47.58,0,5,4,3,0,0,2,0,0,0.0
778,6,151.97,30,0,7,2,4,0,2,0,0,0.0
779,5,77.922,6,11,6,1,19,7,1,5,4,1.0
780,2,167.96,25,85,6,2,0,0,3,2,0,2.0
781,6,64.935,0,2,5,1,0,0,1,3,0,1.0
782,2,77.922,8,36,3,2,3,0,2,0,0,0.0
783,0,15.574,0,4,1,2,0,6,1,0,0,0.0
784,6,155.844,17,27,6,2,8,0,2,56,0,1.0
785,1,172.367,31,4,4,4,0,0,7,0,0,0.0
786,2,282.893,0,5,7,3,0,1,4,3,0,1.0
787,0,210.197,18,106,5,1,22,0,19,0,0,1.0
788,0,12.987,0,0,1,1,0,0,1,0,0,0.0
789,6,184.795,116,3,5,2,0,0,4,0,1,1.0
790,6,711.529,181,11,10,10,5,0,10,0,0,0.0
791,6,64.935,34,3,5,1,0,12,1,4,0,0.0
792,1,73.502,39,10,7,1,10,22,1,4,26,0.0
793,0,25.974,0,1,2,2,0,0,1,0,0,2.0
794,1,25.974,2,20,2,1,0,0,1,0,0,0.0
795,6,233.766,15,47,6,3,0,0,3,0,12,0.0
796,6,297.531,130,13,8,4,0,0,5,0,0,2.0
797,6,233.766,1,1,6,3,10,0,3,0,0,1.0
798,6,64.935,177,3,5,1,22,2,1,0,0,0.0
799,2,38.961,2,21,3,1,3,0,1,13,0,1.0
800,6,389.61,18,44,5,5,23,0,6,79,27,2.0
801,0,155.831,0,0,7,2,0,1,2,0,0,0.0
802,0,62.283,3,10,2,5,0,0,5,14,0,0.0
803,6,59.475,29,4,6,1,6,2,1,22,0,0.0
804,6,66.222,95,1,6,1,0,39,1,0,0,1.0
805,0,38.948,0,2,2,3,0,0,3,0,0,1.0
806,6,661.492,182,39,11,10,1,0,10,17,0,2.0
807,0,25.974,2,1,1,2,0,0,2,0,0,1.0
808,3,103.896,10,4,4,2,0,10,2,8,0,2.0
809,6,155.818,181,1,7,3,0,0,3,0,0,1.0
810,2,77.922,0,7,3,1,0,3,2,7,0,2.0
811,1,60.905,30,8,4,0,0,1,1,0,0,0.0
812,0,12.987,0,2,1,1,0,1,1,4,0,1.0
813,0,12.987,0,9,1,1,0,0,1,0,0,1.0
814,0,605.657,14,2,8,7,15,0,8,0,0,0.0
815,1,725.192,40,34,10,10,87,0,10,0,83,1.0
816,2,455.455,71,56,8,7,29,0,7,0,0,2.0
817,6,155.844,30,1,7,1,9,0,1,0,0,0.0
818,4,259.74,9,0,5,3,0,0,4,0,0,0.0
819,0,15.574,16,1,1,2,0,6,1,7,0,2.0
820,5,363.636,64,70,4,7,6,0,7,7,0,0.0
821,4,386.373,37,32,8,7,13,0,7,20,0,1.0
822,1,51.948,0,2,2,2,0,0,2,0,0,1.0
823,6,1706.146,120,0,10,24,2,0,24,0,18,0.0
824,6,116.883,78,7,3,3,1,0,3,0,0,1.0
825,1,25.974,0,1,2,1,0,0,1,5,0,1.0
826,6,155.844,30,55,7,2,57,0,2,0,0,0.0
827,5,18.902,144,10,3,1,3,0,1,3,0,0.0
828,6,51.948,64,3,4,1,0,10,1,0,0,0.0
829,2,854.503,67,13,5,15,1,0,22,0,0,1.0
830,5,282.048,161,7,10,8,46,2,8,0,4,0.0
831,1,77.922,9,3,2,3,0,1,3,0,0,2.0
832,3,578.227,11,39,7,8,15,0,8,39,61,0.0
833,5,155.844,30,6,7,2,0,0,2,0,0,0.0
834,6,77.922,0,5,6,1,20,13,1,0,1,0.0
835,6,77.922,75,36,3,1,0,0,2,0,0,2.0
836,6,237.354,153,2,6,5,0,0,5,0,0,0.0
837,6,38.961,81,15,3,1,0,0,1,0,0,1.0
838,2,38.961,2,15,3,1,13,0,1,0,0,0.0
839,5,12.987,13,55,1,1,2,2,1,62,0,1.0
840,0,25.961,4,1,2,1,0,0,2,0,0,1.0
841,6,233.766,99,68,3,6,2,0,6,4,132,2.0
842,5,311.688,127,101,5,9,0,0,9,5,7,2.0
843,6,539.994,182,69,4,15,5,0,15,6,5,2.0
844,6,155.844,0,0,6,2,0,3,2,0,0,1.0
845,6,375.271,30,2,9,3,0,0,5,0,0,1.0
846,1,100.854,30,0,3,0,0,0,4,0,0,1.0
847,6,77.922,2,3,6,1,0,4,1,0,0,1.0
848,4,682.734,106,5,8,2,45,0,2,0,0,0.0
849,0,12.987,0,1,1,1,0,3,1,0,0,1.0
850,6,129.87,28,3,5,1,0,0,2,0,0,0.0
851,3,51.948,32,20,5,1,0,0,1,26,0,0.0
852,0,12.987,1,5,1,1,0,0,1,11,0,0.0
853,6,259.74,23,25,5,4,7,0,4,0,4,1.0
854,0,12.987,6,3,1,1,0,0,1,0,0,0.0
855,2,440.375,22,7,6,7,20,0,7,2,1,1.0
856,1,570.401,16,0,9,10,0,0,10,0,0,0.0
857,4,194.805,68,29,3,5,67,0,5,10,31,0.0
858,0,12.987,0,9,1,1,0,0,1,2,0,2.0
859,0,311.558,0,5,6,5,0,0,6,0,0,0.0
860,6,77.922,0,27,6,1,0,0,1,0,0,0.0
861,0,12.987,0,0,1,1,3,0,1,0,0,0.0
862,6,464.165,30,49,7,6,16,2,6,1,3,1.0
863,0,12.987,0,4,1,1,0,2,1,0,0,0.0
864,6,259.74,63,27,4,5,0,0,5,28,89,0.0
865,5,389.61,13,13,5,6,0,0,6,28,0,0.0
866,4,324.675,5,35,5,5,0,0,5,0,0,1.0
867,5,77.922,0,10,6,1,17,0,1,0,16,0.0
868,2,112.515,30,10,4,3,0,0,3,0,0,0.0
869,6,64.935,11,7,5,1,0,0,1,5,0,1.0
870,5,50.167,144,5,2,4,18,0,4,0,5,1.0
871,0,64.532,9,3,6,1,0,18,1,0,0,0.0
872,3,77.376,73,0,3,1,0,0,1,0,0,0.0
873,6,116.883,139,12,1,8,17,3,9,0,0,0.0
874,2,464.906,61,142,13,7,18,0,9,4,0,1.0
875,5,64.935,26,4,5,1,0,21,1,0,0,0.0
876,6,12.987,163,1,2,1,0,0,1,0,0,0.0
877,1,25.974,0,6,2,1,2,12,1,0,0,1.0
878,1,25.974,21,4,1,2,0,0,2,0,0,1.0
879,0,25.974,0,1,2,2,0,6,2,7,0,0.0
880,0,207.792,0,2,1,16,2,0,16,0,0,0.0
881,2,12.987,44,0,1,1,0,0,1,1,0,0.0
882,4,51.948,29,2,4,1,0,4,1,10,0,2.0
883,0,25.805,1,1,3,1,0,0,1,1,0,0.0
884,6,121.121,45,14,6,2,0,0,2,4,0,0.0
885,1,216.853,30,6,6,3,4,0,4,0,0,0.0
886,5,155.844,0,7,6,2,0,0,2,0,0,1.0
887,1,181.818,0,14,2,0,12,0,6,0,0,1.0
888,0,25.974,0,8,1,2,1,0,2,0,0,1.0
889,6,117.585,173,24,8,3,0,0,3,0,1,0.0
890,0,38.961,0,5,1,1,0,0,3,3,0,1.0
891,5,64.935,9,6,5,1,0,0,1,0,0,1.0
892,1,145.691,7,8,6,2,9,0,2,13,0,0.0
893,6,77.922,112,80,2,3,18,0,3,54,0,0.0
894,0,25.974,1,1,1,2,0,0,2,5,0,1.0
895,6,259.74,16,14,5,4,16,0,4,16,0,0.0
896,6,415.584,158,1,2,18,10,0,18,0,0,1.0
897,6,467.532,40,64,4,8,0,0,9,0,0,1.0
898,6,1090.856,161,12,7,20,63,0,20,0,0,2.0
899,0,12.987,0,0,1,1,0,0,1,0,0,1.0
900,4,51.246,106,0,6,1,0,12,1,0,0,0.0
901,5,25.948,147,3,2,2,0,0,2,2,0,1.0
902,5,64.935,0,2,5,1,0,0,1,0,0,0.0
903,5,38.961,143,49,1,3,33,1,3,0,11,1.0
904,6,51.948,34,4,4,1,0,0,1,0,0,1.0
905,0,12.987,0,0,1,1,0,0,1,0,0,0.0
906,3,38.948,69,2,5,1,1,0,1,0,0,0.0
907,6,129.87,30,0,6,2,0,0,2,0,0,0.0
908,4,64.935,0,1,5,1,1,0,1,0,0,1.0
909,7,129.87,3,91,5,2,0,0,2,0,0,0.0
910,4,180.388,100,2,5,2,0,0,5,0,0,1.0
911,3,129.87,89,2,3,1,3,0,1,0,0,0.0
912,6,64.935,0,4,5,1,0,11,1,0,0,0.0
913,6,106.431,61,46,6,2,0,2,2,0,0,1.0
914,6,571.363,130,144,3,22,29,2,22,69,0,0.0
915,6,344.162,169,11,6,3,83,0,3,5,0,0.0
916,6,77.922,78,0,3,2,1,24,2,0,0,0.0
917,0,316.94,0,14,7,4,0,0,5,1,0,1.0
918,1,51.948,0,6,2,2,4,0,2,2,0,1.0
919,6,714.285,15,36,5,7,58,0,11,0,71,2.0
920,6,389.61,0,147,5,5,2,0,6,0,0,0.0
921,1,202.878,30,0,7,5,28,2,5,0,0,0.0
922,6,51.948,47,0,4,1,22,1,1,0,0,0.0
923,6,64.935,174,6,5,2,7,4,2,0,0,0.0
924,1,37.401,5,2,2,0,0,0,3,2,0,0.0
925,0,25.974,0,12,1,2,1,0,2,0,0,1.0
926,2,38.961,37,3,1,2,0,0,3,0,0,0.0
927,0,12.987,2,8,1,2,3,0,1,0,0,0.0
928,0,12.987,0,14,1,1,5,2,1,37,0,0.0
929,5,324.623,32,62,6,5,110,2,5,3,81,1.0
930,2,35.061,63,12,3,1,9,1,1,0,0,1.0
931,2,77.922,1,0,3,2,0,3,2,0,0,1.0
932,0,129.87,0,0,6,2,0,0,2,0,0,1.0
933,5,51.948,28,0,4,1,0,14,1,0,0,0.0
934,6,64.935,0,0,5,1,0,0,1,0,0,1.0
935,5,64.935,11,1,5,1,0,22,1,0,0,0.0
936,1,51.948,0,7,2,2,0,0,2,0,0,1.0
937,5,185.172,90,2,5,6,3,0,6,0,0,0.0
938,5,64.935,0,21,5,1,0,3,1,18,3,1.0
939,5,64.675,32,1,6,1,0,2,1,0,0,0.0
940,5,77.87,1,7,5,2,1,5,1,0,1,0.0
941,0,38.961,1,1,2,2,0,0,2,0,0,1.0
942,5,129.87,0,0,5,2,0,0,2,0,0,1.0
943,5,510.393,64,11,5,10,6,21,10,0,0,2.0
944,0,25.974,0,4,1,2,0,0,2,2,0,0.0
945,0,12.987,0,0,1,1,0,0,1,0,0,0.0
946,2,173.03,84,3,10,10,42,0,10,0,7,0.0
947,5,584.415,4,41,5,8,14,0,9,0,0,0.0
948,2,12.987,62,17,1,1,0,0,1,0,0,0.0
949,1,409.734,9,9,9,7,21,0,8,0,8,2.0
950,1,34.203,47,0,4,1,0,11,1,0,0,0.0
951,5,38.961,52,1,3,1,11,0,1,0,0,0.0
952,3,38.961,44,18,3,1,3,0,1,5,2,1.0
953,5,64.935,0,1,5,1,0,3,1,0,0,0.0
954,3,275.561,31,51,8,3,12,3,3,0,0,1.0
955,0,76.96,14,33,2,0,2,0,6,0,0,0.0
956,5,64.935,0,1,5,1,0,0,1,1,0,1.0
957,5,867.295,79,98,7,14,84,0,14,0,3,0.0
958,0,47.45,15,16,6,1,0,0,1,13,0,0.0
959,5,363.636,41,41,4,6,29,0,7,15,0,0.0
960,5,64.935,0,37,5,1,3,3,1,8,12,1.0
961,1,49.543,48,35,5,1,20,8,1,1,0,0.0
962,0,12.987,0,6,1,1,2,10,1,0,0,0.0
963,0,12.987,0,11,1,1,0,0,1,0,0,1.0
964,5,63.973,31,11,7,1,31,0,1,17,0,0.0
965,5,311.688,33,31,4,5,0,0,6,41,7,0.0
966,0,67.574,15,10,4,6,5,0,6,0,0,0.0
967,2,265.85,56,0,5,7,5,0,7,0,3,0.0
968,4,64.935,0,0,5,1,0,0,1,0,0,0.0
969,1,1090.414,26,30,5,17,41,0,21,0,26,0.0
970,1,696.033,40,4,12,13,0,0,14,0,0,1.0
971,5,953.641,153,39,12,20,0,0,20,0,2,2.0
972,1,221.936,28,11,4,6,0,0,6,0,0,1.0
973,4,64.935,0,3,5,1,0,21,1,0,0,1.0
974,2,38.961,7,6,3,1,0,2,1,0,0,1.0
975,5,194.805,5,2,5,3,0,0,3,0,9,0.0
976,1,51.948,0,0,2,1,0,0,1,0,0,1.0
977,3,116.883,22,7,3,2,1,3,3,0,2,1.0
978,3,51.948,6,4,4,1,9,11,1,6,0,0.0
979,5,194.805,0,0,5,3,0,0,3,0,0,0.0
980,5,103.87,100,10,5,2,0,0,2,0,0,2.0
981,3,155.844,9,5,4,0,0,0,3,0,0,0.0
982,5,64.935,0,11,5,1,1,25,1,5,7,0.0
983,0,94.458,18,4,4,8,1,0,8,0,0,1.0
984,0,25.974,16,55,1,2,19,0,2,36,0,2.0
985,5,0.0,135,20,0,7,0,0,7,0,9,2.0
986,0,85.059,16,32,3,1,3,0,4,25,0,2.0
987,2,38.961,1,0,3,1,0,0,1,0,0,0.0
988,1,38.961,24,19,1,3,4,1,3,0,0,2.0
989,0,64.831,5,42,6,1,0,0,1,0,0,0.0
990,5,38.961,42,9,3,1,14,16,1,0,0,0.0
991,5,259.74,7,104,5,4,0,0,4,32,0,0.0
992,0,25.974,0,0,1,1,0,0,1,0,0,0.0
993,4,272.376,1,42,6,5,5,0,5,0,8,0.0
994,4,259.74,0,14,5,4,0,0,4,0,0,0.0
995,4,498.199,95,54,7,10,7,0,10,0,0,0.0
996,5,64.935,0,0,5,1,0,0,1,0,0,0.0
997,0,12.987,0,54,1,1,0,0,1,0,0,1.0
998,5,194.805,0,70,5,3,30,0,3,0,137,0.0
999,2,155.844,59,28,4,3,12,0,4,7,0,2.0
1000,5,194.805,0,13,5,2,0,1,3,8,0,1.0
1001,0,25.974,0,1,1,1,0,0,2,0,0,0.0
1002,5,259.74,2,2,5,4,0,0,4,0,0,0.0
1003,5,64.935,0,0,5,1,5,0,1,0,0,0.0
1004,1,12.987,31,1,1,1,3,0,1,0,0,0.0
1005,5,12.987,114,19,1,1,0,16,1,2,22,0.0
1006,5,407.693,147,29,6,13,0,0,13,40,24,0.0
1007,1,12.987,21,23,1,1,0,0,1,0,0,0.0
1008,5,90.909,95,0,1,7,19,22,7,0,0,0.0
1009,3,48.971,31,28,5,1,12,0,1,0,0,0.0
1010,4,38.961,115,1,2,3,0,0,3,0,0,0.0
1011,5,64.935,0,1,5,1,0,0,1,3,0,0.0
1012,2,25.974,63,0,1,2,0,0,2,0,0,0.0
1013,1,35.659,21,21,2,1,0,0,3,24,0,0.0
1014,1,41.093,7,6,3,2,0,0,2,0,0,0.0
1015,0,25.974,0,1,1,2,0,0,2,0,0,1.0
1016,0,12.987,0,1,1,1,0,0,1,9,0,0.0
1017,1,25.974,0,0,2,1,0,1,1,0,0,0.0
1018,5,51.948,14,9,4,1,0,0,1,11,2,1.0
1019,0,28.548,0,1,2,2,0,0,2,1,0,1.0
1020,5,63.531,32,15,6,1,33,10,1,0,6,0.0
1021,1,25.974,0,0,2,0,0,0,1,0,0,0.0
1022,5,25.974,121,37,1,2,0,0,2,0,0,1.0
1023,2,38.961,0,3,3,1,0,0,1,0,0,0.0
1024,5,64.935,0,2,5,1,0,1,1,6,0,0.0
1025,0,38.961,5,1,1,2,0,0,2,0,0,1.0
1026,5,259.74,27,7,4,5,93,0,5,0,0,0.0
1027,3,1013.441,0,3,5,7,0,0,8,0,0,1.0
1028,5,51.948,20,7,4,1,0,0,1,24,0,0.0
1029,5,51.948,19,1,4,1,0,21,1,0,4,1.0
1030,3,155.844,5,5,4,3,0,0,3,0,0,2.0
1031,2,38.948,62,6,4,1,0,0,1,4,0,1.0
1032,0,12.987,0,4,1,1,0,2,1,12,0,1.0
1033,0,12.987,0,0,1,1,0,0,1,0,0,0.0
1034,0,202.839,8,9,6,4,1,0,4,6,0,0.0
1035,0,12.987,6,2,1,1,0,0,1,0,0,0.0
1036,0,12.987,0,0,1,1,0,0,1,0,0,1.0
1037,1,25.974,37,7,1,1,0,0,2,0,0,1.0
1038,5,64.935,0,0,5,1,0,0,1,0,0,0.0
1039,5,144.508,90,2,7,2,0,0,2,0,0,1.0
1040,5,51.948,9,117,4,1,3,0,1,0,1,0.0
1041,5,51.948,19,107,4,1,0,0,1,0,0,0.0
1042,5,62.296,24,7,4,1,5,0,1,0,0,2.0
1043,0,12.987,0,2,1,1,0,0,1,0,0,1.0
1044,5,38.961,34,11,3,1,16,47,1,2,45,1.0
1045,0,129.506,0,0,4,1,0,0,7,0,0,0.0
1046,1,25.974,15,25,1,1,7,0,2,0,0,0.0
1047,5,25.974,147,8,1,4,0,0,4,0,0,0.0
1048,3,38.961,9,14,3,1,1,6,1,10,0,2.0
1049,4,77.922,72,13,2,2,10,0,3,0,0,1.0
1050,5,32.448,38,13,4,1,19,0,1,0,0,0.0
1051,5,51.948,8,107,4,1,0,22,1,0,15,0.0
1052,5,272.727,154,6,3,8,3,0,8,0,0,1.0
1053,1,49.881,5,5,2,2,0,0,4,0,0,1.0
1054,0,828.594,1,27,11,17,13,0,17,2,0,1.0
1055,0,153.79,0,12,5,3,1,0,3,0,0,1.0
1056,4,662.337,41,26,3,17,1,0,17,0,0,1.0
1057,5,51.948,0,18,4,1,24,14,1,2,0,0.0
1058,5,117.91,122,116,5,4,9,0,4,81,59,2.0
1059,0,25.974,0,0,1,1,0,0,2,0,0,0.0
1060,1,12.987,10,3,1,1,3,0,1,0,0,0.0
1061,2,155.844,5,10,2,4,0,0,6,0,0,1.0
1062,5,311.688,17,29,4,6,32,4,6,3,1,0.0
1063,0,25.974,0,1,1,0,0,0,2,0,0,0.0
1064,4,155.844,3,4,4,1,0,0,3,0,0,0.0
1065,5,44.148,130,2,4,1,0,4,1,0,0,1.0
1066,3,51.948,0,2,4,1,0,6,1,0,0,2.0
1067,5,207.792,5,147,4,4,0,0,4,0,0,2.0
1068,0,25.974,0,10,1,2,0,0,2,0,0,0.0
1069,2,129.87,20,2,2,4,18,0,5,0,0,0.0
1070,2,77.922,0,2,3,2,0,0,2,0,0,0.0
1071,3,51.948,1,2,4,1,0,0,1,7,0,0.0
1072,0,51.948,1,17,5,1,0,31,1,0,0,0.0
1073,4,51.948,15,1,4,1,14,10,1,0,7,0.0
1074,4,51.948,0,3,4,1,4,0,1,0,0,1.0
1075,4,467.532,3,53,4,10,41,5,10,56,4,1.0
1076,0,308.984,0,32,7,5,15,0,6,39,6,2.0
1077,4,51.948,0,38,4,1,0,2,1,0,2,0.0
1078,2,109.044,0,42,3,4,5,3,4,7,0,0.0
1079,4,38.961,51,44,3,1,3,5,1,22,5,0.0
1080,4,51.948,1,6,4,1,0,11,1,2,0,1.0
1081,4,51.948,1,10,4,1,0,0,1,0,0,0.0
1082,1,38.961,52,11,1,2,1,4,3,0,0,1.0
1083,1,12.974,7,9,2,1,25,0,1,6,102,1.0
1084,4,25.948,123,34,4,1,30,0,1,0,0,0.0
1085,0,125.671,0,0,6,3,0,0,3,0,0,1.0
1086,4,116.883,27,9,3,3,14,0,3,0,0,1.0
1087,0,12.987,27,11,1,1,0,0,1,0,0,0.0
1088,4,51.948,0,1,4,1,0,13,1,0,5,0.0
1089,4,51.077,31,2,5,1,19,0,1,0,0,0.0
1090,4,103.896,1,9,4,2,8,1,2,0,0,1.0
1091,0,25.974,0,4,1,2,0,1,2,0,0,0.0
1092,0,24.986,5,4,3,0,2,0,2,2,0,0.0
1093,0,12.987,0,1,1,1,0,0,1,0,0,1.0
1094,4,103.896,6,0,4,2,0,0,2,0,0,0.0
1095,0,259.688,0,15,5,4,0,0,5,0,0,0.0
1096,4,259.74,0,54,4,9,2,0,9,73,0,0.0
1097,4,258.128,36,100,5,5,24,0,5,12,0,0.0
1098,4,455.325,48,2,5,7,1,0,9,0,0,0.0
1099,4,38.961,43,18,3,1,5,2,1,47,0,0.0
1100,4,155.844,0,22,4,3,0,0,3,0,0,0.0
1101,1,25.974,6,12,2,1,13,1,1,0,0,1.0
1102,4,103.896,8,11,4,2,5,0,2,13,21,0.0
1103,0,25.974,6,1,1,2,0,0,2,0,0,1.0
1104,0,16.666,22,4,2,1,28,2,2,0,0,1.0
1105,0,109.2,2,29,4,4,1,0,4,24,0,2.0
1106,0,25.974,1,1,1,2,0,0,2,0,0,0.0
1107,4,38.961,42,2,3,1,0,12,1,0,3,0.0
1108,4,205.166,36,0,5,4,0,0,4,0,0,0.0
1109,4,77.922,33,1,3,2,0,0,2,0,0,1.0
1110,0,51.948,4,0,1,3,0,0,4,0,0,0.0
1111,0,103.61,0,3,5,2,0,0,2,0,0,1.0
1112,0,116.883,24,0,1,1,0,0,9,0,0,1.0
1113,0,51.948,8,2,3,2,0,3,2,5,0,0.0
1114,0,25.974,0,19,1,1,0,0,2,4,0,0.0
1115,4,103.883,41,25,5,2,0,0,2,34,0,0.0
1116,0,12.987,0,1,1,1,0,1,1,0,0,1.0
1117,4,51.948,0,34,4,1,0,37,1,1,29,0.0
1118,4,207.792,104,18,1,7,6,0,16,2,1,0.0
1119,4,428.571,25,41,3,11,18,0,11,0,45,0.0
1120,1,231.452,39,40,4,7,1,0,7,2,0,2.0
1121,2,12.987,72,29,1,1,0,0,1,1,0,1.0
1122,0,12.987,0,1,1,1,0,0,1,0,0,0.0
1123,0,15.574,0,2,1,2,0,0,1,0,0,1.0
1124,4,850.33,65,9,15,23,6,0,23,0,0,0.0
1125,0,38.961,0,33,1,3,1,0,3,6,0,0.0
1126,4,155.844,6,22,4,3,0,0,3,9,0,0.0
1127,4,155.844,0,0,4,3,1,0,3,0,0,0.0
1128,1,25.974,0,0,2,1,0,0,1,0,0,1.0
1129,4,38.961,37,3,3,1,11,0,1,0,0,0.0
1130,4,155.844,50,18,4,4,2,1,4,0,0,0.0
1131,1,456.3,37,1,6,9,0,1,9,0,0,1.0
1132,1,51.948,16,1,2,2,0,0,2,2,0,1.0
1133,4,12.987,79,0,1,1,0,2,1,0,0,0.0
1134,4,407.472,98,10,8,9,8,0,9,0,0,1.0
1135,0,1.755,1,0,1,1,0,0,3,0,0,0.0
1136,4,46.774,67,28,5,1,29,19,1,0,0,0.0
1137,4,150.371,114,36,5,4,3,0,5,27,116,1.0
1138,4,29.211,114,2,4,1,0,16,1,9,0,0.0
1139,4,38.961,39,14,3,1,11,0,1,14,13,0.0
1140,0,77.922,0,25,1,2,0,0,6,0,0,0.0
1141,0,348.998,0,5,6,8,0,0,8,0,51,0.0
1142,4,207.792,0,4,4,3,0,0,4,12,0,0.0
1143,0,514.007,8,58,5,10,4,0,10,9,0,0.0
1144,2,800.566,76,22,5,16,0,0,16,3,0,0.0
1145,3,233.766,14,3,3,6,0,0,6,0,0,2.0
1146,2,227.019,51,1,3,9,13,8,9,0,0,0.0
1147,4,77.922,14,40,3,2,0,0,2,14,14,1.0
1148,4,142.246,120,1,6,4,0,0,4,0,0,0.0
1149,4,38.961,13,14,3,1,0,35,1,0,0,0.0
1150,4,103.883,31,26,5,2,0,0,2,0,0,0.0
1151,4,38.961,23,0,3,1,0,1,1,0,0,0.0
1152,0,302.809,1,33,6,7,0,0,7,6,0,0.0
1153,1,36.322,19,1,2,1,0,0,1,0,0,0.0
1154,4,51.948,11,3,4,1,0,3,1,5,0,0.0
1155,2,25.961,31,0,3,1,0,0,1,0,0,0.0
1156,1,25.324,47,7,3,1,0,27,1,14,0,0.0
1157,4,51.948,0,3,4,1,14,1,1,5,0,1.0
1158,0,60.762,0,30,6,1,0,0,1,0,0,0.0
1159,4,103.896,6,1,4,2,0,0,2,0,0,1.0
1160,4,51.948,4,14,4,1,5,0,1,0,10,0.0
1161,4,155.844,54,0,2,6,0,0,6,0,0,0.0
1162,4,214.123,110,2,7,7,13,0,10,0,0,1.0
1163,4,12.987,123,4,1,2,4,0,2,22,3,0.0
1164,4,85.683,49,1,5,2,0,5,2,0,1,0.0
1165,4,51.948,0,5,4,1,1,0,1,0,0,1.0
1166,0,51.935,16,16,2,3,2,0,4,0,0,0.0
1167,1,25.974,0,52,2,1,0,0,1,28,0,0.0
1168,4,248.625,39,25,5,5,0,0,5,0,0,2.0
1169,2,160.888,16,19,4,5,9,0,5,0,133,1.0
1170,4,51.948,0,3,4,1,0,0,1,0,0,0.0
1171,3,25.974,90,1,1,1,0,0,2,0,0,1.0
1172,0,38.961,4,1,1,3,1,0,3,0,0,0.0
1173,4,45.942,59,15,5,1,14,0,1,0,19,0.0
1174,4,307.632,71,58,10,9,1,4,11,0,10,0.0
1175,3,150.748,40,20,5,4,0,0,4,0,3,2.0
1176,4,51.948,7,7,4,1,3,0,1,0,2,2.0
1177,4,51.948,1,10,4,1,4,1,1,2,0,0.0
1178,4,51.935,31,3,6,1,0,0,1,0,0,0.0
1179,1,12.987,23,1,1,1,0,0,1,0,0,0.0
1180,4,259.74,4,4,4,5,0,0,5,0,0,0.0
1181,0,38.961,0,0,1,3,0,0,3,0,0,0.0
1182,2,193.869,60,6,5,2,5,22,2,0,0,2.0
1183,2,38.961,0,6,3,1,0,0,1,0,0,0.0
1184,0,12.987,0,3,2,1,1,0,1,0,0,0.0
1185,4,103.896,0,0,4,2,0,0,2,0,0,0.0
1186,1,25.974,40,1,1,2,3,0,2,0,0,0.0
1187,4,736.944,66,9,5,22,10,0,22,0,32,0.0
1188,4,51.948,57,2,2,2,7,0,2,0,0,0.0
1189,4,415.584,0,0,4,1,0,0,8,0,0,1.0
1190,4,363.519,31,18,5,7,2,1,7,2,0,0.0
1191,3,25.974,55,13,2,1,2,0,1,0,0,0.0
1192,2,38.961,1,4,3,1,0,0,1,0,0,0.0
1193,0,25.974,7,3,1,1,0,0,2,2,0,2.0
1194,0,28.561,0,0,1,3,0,0,2,0,0,0.0
1195,4,38.961,39,2,5,1,38,0,1,0,6,0.0
1196,4,38.961,7,1,3,1,0,9,1,2,5,0.0
1197,0,192.153,0,1,7,4,0,0,4,0,0,1.0
1198,4,203.476,32,15,6,3,0,4,4,9,0,1.0
1199,0,114.426,6,1,4,3,0,0,3,0,0,0.0
1200,0,12.987,0,1,1,0,1,1,1,0,0,1.0
1201,3,51.948,60,9,2,2,0,0,2,0,0,2.0
1202,4,136.695,111,58,6,16,1,0,16,17,96,0.0
1203,0,178.659,6,6,7,5,39,1,5,0,17,0.0
1204,4,323.167,59,21,7,7,24,0,7,6,0,0.0
1205,3,25.961,77,10,2,2,12,0,2,0,8,0.0
1206,4,38.961,8,0,3,1,0,0,1,0,10,0.0
1207,0,12.987,9,3,1,0,1,2,1,19,0,1.0
1208,4,207.792,118,22,4,4,20,0,5,0,0,1.0
1209,4,155.844,32,6,6,3,17,0,3,0,0,1.0
1210,2,137.488,0,0,6,3,0,0,4,0,0,0.0
1211,0,25.974,0,0,1,0,0,0,2,0,0,0.0
1212,2,42.64,6,12,4,2,2,39,2,11,0,0.0
1213,4,103.896,3,2,4,2,2,0,2,0,0,0.0
1214,4,258.908,105,1,4,4,0,0,5,0,0,1.0
1215,0,38.961,3,4,1,2,0,0,3,0,0,1.0
1216,4,38.961,10,7,3,1,23,2,1,1,0,0.0
1217,0,77.922,6,4,1,5,0,0,6,0,0,0.0
1218,2,116.883,1,4,3,2,0,1,3,3,0,0.0
1219,4,25.974,38,5,2,1,0,0,1,12,0,0.0
1220,4,38.961,15,0,3,1,2,0,1,0,0,0.0
1221,4,12.987,80,2,1,2,0,6,1,0,0,0.0
1222,3,51.948,0,18,4,1,0,0,1,0,0,0.0
1223,4,38.961,60,27,1,3,0,26,3,32,0,0.0
1224,3,29.328,87,6,2,3,0,0,3,0,0,0.0
1225,0,103.168,0,2,5,2,0,2,2,0,0,0.0
1226,4,38.961,13,1,3,1,2,21,1,0,53,0.0
1227,4,275.769,90,7,5,7,8,0,7,0,0,0.0
1228,4,12.987,67,7,1,1,10,2,1,3,0,2.0
1229,0,12.987,2,1,1,1,0,0,1,0,0,0.0
1230,1,25.961,9,2,2,0,0,0,2,0,0,1.0
1231,4,12.987,66,12,1,1,2,14,1,0,0,0.0
1232,4,727.272,0,1,4,12,38,0,14,0,0,0.0
1233,1,12.987,35,1,1,0,0,0,1,0,0,2.0
1234,1,129.818,33,83,3,6,63,18,6,15,6,0.0
1235,0,12.987,0,0,1,1,0,0,1,0,0,1.0
1236,4,403.208,59,17,12,9,0,0,9,0,0,1.0
1237,4,155.844,0,9,4,3,14,0,3,21,5,2.0
1238,1,310.596,14,18,4,8,50,0,8,0,0,0.0
1239,4,77.922,6,0,3,2,0,13,2,0,0,1.0
1240,2,331.695,55,0,3,7,3,0,13,0,0,0.0
1241,4,350.649,28,79,3,9,38,0,9,22,0,0.0
1242,4,58.942,97,27,4,3,19,0,3,0,6,1.0
1243,3,38.961,2,5,3,1,0,1,1,0,0,1.0
1244,0,51.909,0,16,3,2,0,0,2,0,0,0.0
1245,1,51.948,0,4,2,1,0,0,2,0,0,1.0
1246,4,38.961,0,8,3,1,62,7,1,0,0,0.0
1247,3,50.518,31,8,4,0,0,2,2,0,0,0.0
1248,0,80.405,5,9,5,5,1,0,5,0,0,1.0
1249,4,138.086,32,3,7,4,0,0,4,0,0,0.0
1250,4,77.922,39,4,2,3,0,0,3,0,0,1.0
1251,3,38.961,1,0,3,1,0,0,1,7,0,2.0
1252,3,38.961,18,0,3,1,0,0,1,0,0,0.0
1253,1,64.922,9,6,2,4,0,0,5,0,0,1.0
1254,3,38.961,0,35,3,1,6,0,1,7,0,1.0
1255,1,98.826,19,29,5,4,21,0,4,9,24,0.0
1256,3,63.141,69,51,2,1,1,0,3,0,0,0.0
1257,3,38.961,6,1,3,1,0,0,1,0,0,1.0
1258,4,103.896,50,0,2,4,0,0,4,0,0,0.0
1259,3,77.922,0,3,3,1,0,0,2,2,0,0.0
1260,2,184.522,30,4,4,3,0,0,5,0,0,0.0
1261,4,25.974,35,6,2,1,0,32,1,22,0,0.0
1262,1,12.987,2,14,1,1,0,5,1,0,0,1.0
1263,4,38.961,1,2,3,1,1,16,1,0,0,0.0
1264,2,168.922,42,57,5,9,23,0,9,0,79,0.0
1265,1,1.04,7,2,1,2,0,0,2,0,0,1.0
1266,4,38.961,0,9,3,1,2,19,1,0,0,1.0
1267,4,155.844,28,15,4,4,2,21,4,5,6,0.0
1268,0,12.987,0,2,1,0,0,0,1,0,0,0.0
1269,4,140.699,101,16,2,13,71,9,13,25,17,0.0
1270,3,43.849,79,12,4,1,3,0,3,0,0,0.0
1271,0,207.623,12,40,5,5,5,21,6,36,0,2.0
1272,1,48.048,35,27,4,3,18,0,3,42,16,0.0
1273,0,12.974,0,2,2,1,0,1,1,1,0,0.0
1274,3,155.844,19,14,3,4,0,0,4,0,0,1.0
1275,3,129.753,55,21,3,5,6,0,5,5,0,1.0
1276,3,168.285,72,17,4,5,0,0,5,21,0,0.0
1277,1,25.974,0,8,2,1,3,0,1,0,0,0.0
1278,0,12.987,0,13,1,1,0,0,1,0,0,0.0
1279,3,199.485,106,31,5,7,12,0,7,31,48,0.0
1280,2,38.961,0,3,3,1,0,2,1,0,0,0.0
1281,3,38.961,7,1,3,1,0,20,1,1,0,1.0
1282,3,38.961,0,2,3,1,0,1,1,1,0,1.0
1283,1,165.49,55,4,3,7,5,4,8,0,0,0.0
1284,3,38.961,1,2,3,1,0,0,1,0,0,0.0
1285,3,77.922,28,10,4,1,8,45,2,11,0,1.0
1286,3,38.961,0,7,3,1,0,9,1,2,6,1.0
1287,1,34.541,40,4,4,1,10,22,1,1,9,0.0
1288,2,250.263,59,26,8,10,3,1,9,0,0,2.0
1289,0,64.935,0,6,2,1,0,0,5,0,0,1.0
1290,3,38.961,3,0,3,1,0,0,1,0,0,0.0
1291,3,155.844,22,3,2,6,0,1,6,0,0,2.0
1292,1,51.948,4,24,2,2,0,0,2,2,0,1.0
1293,0,129.87,10,3,1,9,0,0,10,0,0,1.0
1294,3,38.961,1,0,3,1,15,0,1,0,0,1.0
1295,0,64.935,3,2,1,4,0,0,5,0,0,1.0
1296,0,38.961,2,0,2,3,0,0,3,0,0,1.0
1297,0,12.987,3,1,1,1,0,1,1,1,0,2.0
1298,3,123.201,94,1,5,3,9,1,3,0,0,1.0
1299,2,51.948,31,2,2,2,0,25,2,0,0,2.0
1300,1,44.148,28,21,3,2,1,0,2,0,0,2.0
1301,3,113.698,77,0,3,5,1,0,5,0,0,0.0
1302,3,266.357,28,0,7,7,0,0,7,0,0,0.0
1303,1,194.61,28,4,3,5,0,0,5,0,0,1.0
1304,3,190.489,89,14,6,9,21,0,9,31,0,0.0
1305,0,337.623,21,4,3,13,0,0,13,0,0,0.0
1306,1,48.841,25,2,3,2,2,0,2,0,0,0.0
1307,3,38.961,8,20,3,1,74,1,1,11,55,0.0
1308,3,38.961,0,6,3,1,17,21,1,0,44,0.0
1309,0,267.41,12,21,5,7,7,0,7,0,18,0.0
1310,3,155.844,0,7,3,4,0,0,4,3,0,0.0
1311,3,38.961,0,1,3,1,31,0,1,0,0,0.0
1312,2,52.442,60,0,3,1,0,0,2,0,0,0.0
1313,3,155.844,6,1,3,4,0,0,4,0,0,0.0
1314,3,9.087,78,6,1,1,2,6,1,2,0,1.0
1315,0,116.116,1,26,4,3,0,8,3,32,0,1.0
1316,1,25.961,37,18,2,2,0,2,2,3,0,0.0
1317,0,25.974,0,0,1,2,0,0,2,0,0,0.0
1318,3,25.974,57,22,3,1,0,15,1,0,0,0.0
1319,2,25.974,27,0,2,1,0,0,1,0,0,0.0
1320,3,38.961,0,0,3,1,0,0,1,0,0,0.0
1321,1,103.896,40,64,1,7,5,0,8,26,0,0.0
1322,2,38.961,0,0,3,0,0,0,1,0,0,1.0
1323,0,231.92,9,1,4,6,0,0,6,0,0,1.0
1324,3,155.805,68,119,3,6,38,4,6,0,0,0.0
1325,3,90.909,53,8,1,7,0,0,7,1,0,0.0
1326,3,181.818,81,54,1,15,0,0,15,0,0,0.0
1327,0,38.155,4,13,4,1,3,0,1,2,0,0.0
1328,3,51.948,19,9,2,2,0,0,2,0,0,1.0
1329,0,12.987,0,0,1,0,0,0,1,3,0,0.0
1330,0,12.987,1,3,1,1,15,0,1,0,0,1.0
1331,1,25.974,4,12,2,1,0,0,1,0,0,0.0
1332,1,103.896,39,0,3,4,3,0,4,2,0,0.0
1333,0,12.987,0,1,1,1,15,0,1,0,0,1.0
1334,3,38.961,0,6,3,1,0,0,1,0,0,1.0
1335,3,12.987,50,36,1,1,7,2,1,32,39,0.0
1336,2,116.857,28,1,4,3,0,0,3,0,0,0.0
1337,0,12.987,0,6,1,1,0,4,1,0,0,0.0
1338,4,25.974,16,3,2,1,0,0,1,0,0,0.0
1339,2,85.696,5,18,4,2,0,39,2,20,0,1.0
1340,1,25.974,0,1,2,1,0,0,1,0,0,0.0
1341,1,25.831,17,6,3,1,0,18,1,0,0,0.0
1342,0,12.987,0,1,1,1,0,0,1,2,0,1.0
1343,0,12.987,1,0,1,1,0,0,1,0,0,1.0
1344,3,116.87,28,0,4,3,0,0,3,0,0,1.0
1345,3,38.961,0,7,3,1,4,0,1,0,19,0.0
1346,3,77.922,28,0,4,2,0,0,2,0,0,0.0
1347,0,18.967,3,16,3,1,19,0,1,25,0,0.0
1348,1,121.29,45,0,5,6,11,0,7,0,49,0.0
1349,3,12.987,48,11,1,1,44,5,1,29,0,0.0
1350,0,12.987,14,0,2,1,2,0,1,0,0,0.0
1351,0,306.852,12,34,5,8,119,1,8,54,138,2.0
1352,3,38.961,49,0,1,3,4,0,3,0,0,0.0
1353,3,155.844,0,12,3,4,0,0,4,6,0,0.0
1354,2,116.883,1,2,3,3,0,0,3,0,0,0.0
1355,2,157.807,61,10,3,3,16,0,3,0,0,1.0
1356,3,77.766,70,3,4,4,0,0,4,0,0,1.0
1357,4,129.87,13,11,2,5,2,0,5,0,13,0.0
1358,1,38.961,31,10,3,1,1,0,1,0,0,0.0
1359,3,38.961,0,14,3,1,0,0,1,0,0,1.0
1360,1,38.961,24,3,1,3,16,3,3,10,0,0.0
1361,1,25.48,21,57,4,1,12,5,1,11,0,0.0
1362,3,135.343,51,6,5,7,17,3,7,0,64,0.0
1363,3,38.961,1,29,3,1,74,0,1,14,48,1.0
1364,0,22.074,0,4,2,1,0,28,1,4,0,0.0
1365,1,25.974,1,4,2,1,0,0,1,0,0,0.0
1366,3,25.974,44,12,1,2,0,0,2,16,0,0.0
1367,2,25.467,50,17,3,2,0,0,2,0,0,0.0
1368,3,70.538,37,1,3,3,0,0,3,0,0,1.0
1369,0,12.987,0,0,1,0,0,0,1,0,0,1.0
1370,3,96.057,28,9,4,3,0,0,3,0,0,1.0
1371,3,129.87,20,13,2,4,0,0,5,0,0,2.0
1372,1,129.87,8,11,2,5,19,0,5,1,0,2.0
1373,3,134.264,59,0,4,4,0,0,4,0,0,0.0
1374,2,171.249,49,40,3,9,13,0,8,0,0,2.0
1375,2,103.896,0,17,2,4,0,51,4,2,0,1.0
1376,3,25.974,5,5,2,1,0,21,1,0,1,0.0
1377,1,148.967,15,6,4,3,4,0,4,0,0,1.0
1378,1,174.148,28,1,5,7,4,0,8,0,0,0.0
1379,3,90.844,66,3,3,3,2,0,4,0,0,0.0
1380,3,142.935,29,2,4,4,0,0,4,0,25,0.0
1381,3,38.961,0,8,3,1,31,5,1,11,6,1.0
1382,1,51.337,26,13,3,1,0,0,2,0,0,0.0
1383,3,103.896,6,18,2,4,1,0,4,0,0,1.0
1384,3,233.766,0,0,3,1,0,0,6,0,0,0.0
1385,3,51.935,42,28,3,2,0,3,2,0,0,1.0
1386,0,25.935,6,1,2,2,0,0,2,0,0,0.0
1387,1,107.406,0,32,3,5,46,0,5,9,62,0.0
1388,1,25.974,8,15,1,2,0,0,2,0,0,0.0
1389,1,172.419,20,10,4,8,7,0,8,7,0,0.0
1390,1,25.974,33,3,1,1,0,7,2,0,0,1.0
1391,3,22.048,63,3,2,2,0,0,2,0,0,0.0
1392,0,12.987,0,3,1,1,0,0,1,0,0,0.0
1393,1,2.015,6,1,1,3,0,0,5,0,0,0.0
1394,3,155.844,0,56,3,4,0,0,4,17,0,0.0
1395,3,68.874,28,4,4,2,14,2,2,0,0,1.0
1396,3,116.883,0,33,3,3,5,2,3,0,24,1.0
1397,3,51.948,48,5,1,4,2,0,4,0,0,1.0
1398,0,64.935,0,2,1,2,0,0,5,0,0,0.0
1399,1,98.332,12,20,4,4,0,0,4,0,0,1.0
1400,3,25.974,0,1,2,1,0,0,1,0,0,0.0
1401,3,103.896,17,40,2,3,20,0,4,1,0,1.0
1402,1,77.922,3,4,2,1,0,0,1,0,0,0.0
1403,0,12.987,0,0,1,0,0,0,1,0,0,0.0
1404,2,20.436,60,20,3,1,0,23,1,0,0,0.0
1405,1,253.682,7,2,6,8,0,0,11,0,0,0.0
1406,0,12.987,0,0,1,1,0,0,1,0,0,1.0
1407,0,102.232,0,49,3,4,0,0,4,15,0,2.0
1408,3,25.974,0,5,2,1,19,0,1,0,7,0.0
1409,3,76.752,29,12,4,3,20,2,3,0,3,0.0
1410,2,143.871,10,0,4,9,0,0,9,0,21,0.0
1411,1,103.896,28,1,2,3,0,0,4,0,0,2.0
1412,2,25.974,3,8,2,1,0,4,1,0,0,0.0
1413,3,25.974,6,1,2,1,0,4,1,0,2,0.0
1414,3,103.896,0,5,2,3,0,0,4,0,0,1.0
1415,3,109.564,41,29,4,5,2,0,5,2,108,0.0
1416,0,12.987,1,1,1,1,0,0,1,5,0,0.0
1417,2,12.987,47,8,1,1,0,0,1,1,0,1.0
1418,3,25.974,14,23,2,1,1,20,1,0,0,1.0
1419,3,207.792,88,0,2,7,0,0,7,0,0,0.0
1420,1,59.046,0,7,3,3,3,0,3,0,0,0.0
1421,0,97.305,0,3,4,3,0,0,4,0,0,0.0
1422,1,25.974,1,4,1,2,0,0,2,0,0,0.0
1423,3,38.961,34,26,1,3,7,0,3,0,0,2.0
1424,2,129.87,37,5,3,6,0,0,6,0,0,1.0
1425,2,19.981,53,10,3,4,0,0,4,0,1,0.0
1426,2,77.922,0,0,2,4,0,0,4,0,0,0.0
1427,3,25.974,8,5,2,1,0,0,1,4,0,1.0
1428,0,25.974,0,9,3,1,0,0,1,14,0,0.0
1429,3,25.974,0,11,2,1,1,2,1,0,0,1.0
1430,0,38.961,0,0,1,2,3,0,3,0,0,0.0
1431,0,103.896,0,10,3,4,0,0,4,1,0,0.0
1432,3,25.974,0,5,2,1,0,22,1,0,19,0.0
1433,2,12.987,29,6,1,1,0,13,1,0,6,0.0
1434,2,101.595,33,4,5,5,0,30,5,0,0,0.0
1435,2,90.909,29,26,1,7,6,0,7,0,0,0.0
1436,2,129.87,1,21,2,5,4,0,5,0,0,1.0
1437,0,51.948,0,78,1,4,0,0,4,0,0,0.0
1438,2,25.974,0,4,2,1,0,0,1,0,0,0.0
1439,0,12.987,0,1,1,1,0,0,1,0,0,1.0
1440,2,25.974,0,1,2,1,10,0,1,0,0,0.0
1441,2,25.974,7,5,2,1,0,23,1,0,18,0.0
1442,2,116.883,46,36,1,9,41,10,10,8,16,0.0
1443,0,12.987,9,0,1,1,0,0,1,0,0,0.0
1444,2,181.818,18,1,2,6,2,0,7,0,0,1.0
1445,2,25.974,11,2,2,1,0,5,1,0,0,0.0
1446,2,308.061,51,5,8,13,0,0,13,0,2,1.0
1447,1,109.707,48,0,3,5,3,0,5,0,0,0.0
1448,2,25.974,0,0,2,0,0,0,1,0,0,0.0
1449,0,0.715,0,0,1,1,0,0,1,0,0,1.0
1450,2,25.974,3,5,2,1,0,0,1,0,0,0.0
1451,2,25.974,0,2,2,1,0,0,1,0,0,0.0
1452,2,259.74,87,30,1,14,114,0,17,0,0,2.0
1453,2,77.922,0,1,2,3,0,0,3,0,49,1.0
1454,0,25.974,9,2,2,1,0,0,2,0,0,1.0
1455,1,25.974,0,1,2,1,0,1,1,0,0,1.0
1456,0,232.596,18,33,3,8,18,0,9,0,4,1.0
1457,0,38.961,0,32,1,2,0,0,3,0,0,0.0
1458,2,51.948,9,6,2,2,0,0,2,0,0,0.0
1459,2,25.974,0,1,2,1,0,0,1,2,0,1.0
1460,2,25.974,0,2,2,1,0,0,1,0,0,1.0
1461,0,12.987,0,0,1,1,0,0,1,0,0,0.0
1462,0,25.974,22,0,1,2,0,0,2,0,0,1.0
1463,0,12.987,0,2,1,1,0,0,1,0,0,1.0
1464,2,25.974,0,3,2,1,0,0,1,0,0,0.0
1465,0,103.454,1,0,3,5,1,0,5,0,2,0.0
1466,0,51.948,1,9,3,2,0,4,2,15,0,1.0
1467,2,12.987,39,19,1,1,4,1,1,0,0,0.0
1468,2,51.948,31,1,3,2,0,0,2,0,0,1.0
1469,2,25.974,4,26,2,1,18,0,1,0,0,0.0
1470,2,77.922,0,4,2,3,0,0,3,0,0,1.0
1471,2,51.948,65,8,2,3,6,0,3,0,32,0.0
1472,2,25.974,0,0,2,1,0,0,1,0,0,0.0
1473,1,51.948,0,2,2,2,0,0,2,0,0,1.0
1474,2,77.922,0,2,2,3,2,0,3,0,0,0.0
1475,2,51.948,0,4,2,2,0,0,2,0,0,0.0
1476,1,25.974,0,1,2,1,0,4,1,0,0,0.0
1477,0,25.974,0,0,1,2,0,0,2,0,0,0.0
1478,0,51.948,22,25,1,4,0,0,4,0,0,0.0
1479,2,25.974,7,74,2,1,35,0,1,0,0,0.0
1480,2,25.974,1,3,2,1,10,0,1,0,0,0.0
1481,2,25.974,0,6,2,1,5,1,1,2,0,1.0
1482,0,64.922,5,3,2,3,0,0,4,0,0,0.0
1483,1,77.922,49,15,2,8,42,0,8,1,0,0.0
1484,0,12.987,0,0,1,0,0,0,1,0,0,0.0
1485,2,25.974,31,1,3,1,0,0,1,0,0,0.0
1486,2,184.821,32,22,6,10,1,0,10,3,36,0.0
1487,2,155.675,32,0,3,6,4,0,6,0,60,0.0
1488,2,31.148,0,1,2,2,0,0,1,0,0,1.0
1489,0,149.292,4,18,4,5,18,0,6,5,0,0.0
1490,0,152.932,0,1,4,5,0,0,6,8,0,0.0
1491,1,125.775,31,25,4,7,2,0,7,0,135,1.0
1492,0,12.987,3,1,1,1,1,7,1,0,0,0.0
1493,0,12.987,0,50,1,1,32,0,1,3,0,0.0
1494,0,107.848,8,1,5,4,0,0,4,0,0,0.0
1495,1,77.896,37,4,4,3,0,0,3,0,0,0.0
1496,2,25.974,0,23,2,1,4,0,1,37,0,2.0
1497,1,77.922,8,22,2,3,0,0,3,30,0,0.0
1498,2,12.987,23,2,1,1,3,0,1,0,0,0.0
1499,2,51.948,0,4,2,2,2,0,2,3,0,1.0
1500,1,25.974,0,8,2,1,5,0,1,0,0,0.0
1501,0,12.987,0,2,1,1,0,0,1,0,0,0.0
1502,1,12.987,15,23,1,1,27,0,1,10,0,0.0
1503,0,222.95,4,38,4,8,7,3,9,2,0,0.0
1504,0,12.987,0,0,1,0,0,0,1,0,0,0.0
1505,2,155.428,33,0,3,6,0,0,6,0,0,0.0
1506,1,51.948,41,0,1,4,4,0,4,0,0,1.0
1507,2,12.987,24,1,1,1,25,0,1,0,0,0.0
1508,2,25.974,30,4,1,2,6,4,2,0,0,0.0
1509,2,77.922,0,0,2,3,0,0,3,0,0,1.0
1510,0,12.987,8,1,1,1,0,2,1,0,0,1.0
1511,2,311.688,17,9,1,24,80,5,24,0,9,2.0
1512,1,51.948,13,13,1,3,0,0,4,27,0,0.0
1513,2,18.174,61,1,2,1,2,9,1,2,0,0.0
1514,0,12.987,0,0,1,0,0,0,1,0,0,0.0
1515,0,12.987,0,0,1,0,0,0,1,0,0,0.0
1516,0,12.987,0,0,1,0,0,0,1,0,0,0.0
1517,0,12.987,0,0,1,1,1,0,1,4,0,0.0
1518,2,25.974,0,0,2,1,0,0,1,0,0,1.0
1519,0,96.161,8,2,4,4,0,0,4,0,0,0.0
1520,1,38.922,21,24,2,3,0,0,3,3,0,1.0
1521,2,25.974,19,11,1,1,12,5,2,0,0,0.0
1522,0,12.987,1,4,1,1,3,12,1,2,0,1.0
1523,0,12.987,0,0,1,0,0,0,1,0,0,0.0
1524,0,12.987,0,0,1,1,0,0,1,0,0,0.0
1525,2,77.922,0,7,2,3,1,0,3,7,0,0.0
1526,2,38.961,18,6,1,2,8,0,3,0,0,1.0
1527,2,12.987,8,11,1,1,0,8,1,0,0,2.0
1528,2,25.974,2,0,2,1,1,0,1,0,0,0.0
1529,0,12.987,8,0,1,1,0,0,1,0,0,1.0
1530,1,25.974,7,26,2,0,6,16,1,0,0,0.0
1531,1,132.808,36,2,7,8,2,3,9,1,0,1.0
1532,2,25.974,0,9,2,1,6,0,1,0,24,0.0
1533,2,38.961,10,9,1,3,2,3,3,0,0,0.0
1534,2,103.896,0,8,2,4,0,0,4,0,0,1.0
1535,2,24.804,31,1,3,1,0,10,1,2,0,0.0
1536,2,64.935,11,23,1,5,8,4,5,0,0,2.0
1537,0,12.987,0,0,1,1,0,0,1,0,0,0.0
1538,2,232.479,65,15,4,8,22,0,10,0,0,1.0
1539,2,12.987,10,3,1,1,1,27,1,2,0,0.0
1540,2,38.961,32,2,1,3,0,0,3,0,3,2.0
1541,0,12.987,2,3,1,1,0,0,1,0,0,1.0
1542,1,12.987,6,5,1,1,0,3,1,0,0,1.0
1543,0,77.896,1,42,2,4,5,0,4,0,7,0.0
1544,2,25.974,12,17,1,2,1,0,2,6,0,1.0
1545,2,103.896,0,9,2,4,0,0,4,5,0,0.0
1546,0,12.987,0,2,1,1,0,0,1,0,0,0.0
1547,2,38.675,61,0,3,2,0,0,2,0,0,1.0
1548,2,181.818,0,50,2,7,0,0,7,0,19,2.0
1549,2,12.987,10,10,1,1,13,1,1,0,36,0.0
1550,0,12.987,0,12,1,1,0,1,1,0,0,1.0
1551,2,12.987,7,3,1,1,0,2,1,0,0,0.0
1552,0,12.987,0,1,1,1,0,0,1,0,0,0.0
1553,1,51.948,0,7,2,2,9,0,2,3,0,1.0
1554,2,0.0,34,19,0,1,0,1,1,0,0,1.0
1555,0,77.909,0,1,3,2,0,0,3,0,0,0.0
1556,1,71.838,33,17,4,10,0,2,10,6,0,0.0
1557,1,220.779,5,42,1,18,36,5,18,9,39,0.0
1558,2,51.948,14,4,1,4,3,0,4,1,0,1.0
1559,1,2.665,21,0,1,1,0,0,7,0,0,0.0
1560,2,25.974,0,1,2,1,0,0,1,0,0,0.0
1561,1,77.922,31,0,3,2,2,0,2,0,0,0.0
1562,2,38.961,29,0,1,3,0,0,3,0,0,0.0
1563,2,53.924,0,16,4,3,3,0,3,0,15,0.0
1564,0,454.35,0,0,1,1,0,0,1,0,0,0.0
1565,2,77.922,0,3,2,2,0,0,3,0,0,0.0
1566,2,25.974,19,1,1,2,5,0,2,0,0,1.0
1567,1,38.961,31,0,1,3,0,0,3,0,0,0.0
1568,2,12.987,10,6,1,1,0,0,1,0,0,0.0
1569,1,12.987,11,0,2,1,0,34,1,0,0,0.0
1570,2,25.974,11,2,1,2,0,0,2,0,0,1.0
1571,2,64.935,0,2,1,4,0,0,5,0,0,1.0
1572,1,25.974,18,0,1,2,0,0,2,0,0,0.0
1573,2,38.961,4,6,1,3,0,0,3,0,0,1.0
1574,0,12.987,0,0,1,1,0,0,1,0,0,0.0
1575,1,38.961,0,0,1,3,0,1,3,0,13,0.0
1576,0,38.961,1,40,2,5,0,0,5,0,3,0.0
1577,2,37.115,37,2,2,3,6,0,3,0,1,0.0
1578,0,12.987,0,1,2,1,0,0,1,3,0,0.0
1579,0,27.079,4,3,2,3,0,0,2,2,0,0.0
1580,1,51.948,9,4,1,4,0,0,4,3,0,0.0
1581,2,12.987,0,1,1,1,0,0,1,3,0,0.0
1582,2,12.987,21,13,1,1,0,0,1,0,0,2.0
1583,2,38.961,0,25,1,3,0,0,3,3,0,0.0
1584,2,77.922,6,19,1,6,1,0,6,0,0,2.0
1585,1,90.909,24,9,1,1,2,1,1,26,0,2.0
1586,2,12.987,0,3,1,1,19,19,1,7,0,1.0
1587,2,0.0,52,4,0,3,12,0,3,0,1,1.0
1588,2,64.922,31,1,2,2,0,0,5,0,0,0.0
1589,2,25.974,0,4,1,2,0,0,2,0,0,0.0
1590,0,12.987,0,0,1,1,0,0,1,0,0,0.0
1591,2,64.935,15,28,1,4,0,0,5,0,0,0.0
1592,1,60.944,5,7,3,5,16,0,5,0,0,0.0
1593,2,12.987,0,1,1,1,0,1,1,0,0,0.0
1594,1,77.909,7,2,2,6,0,0,6,0,0,0.0
1595,2,0.0,41,1,0,2,0,0,2,0,0,0.0
1596,2,15.574,31,2,2,2,0,0,1,0,0,0.0
1597,1,9.087,31,0,1,1,0,0,1,0,0,0.0
1598,1,25.974,0,0,1,2,0,0,2,0,0,0.0
1599,0,12.987,1,1,1,1,0,0,1,0,0,0.0
1600,2,12.987,2,6,1,1,0,23,1,0,1,0.0
1601,0,12.987,0,2,1,1,0,0,1,0,0,0.0
1602,2,25.974,0,26,1,1,33,0,2,0,0,0.0
1603,2,0.0,27,4,0,4,6,0,4,0,0,0.0
1604,2,12.987,5,4,1,1,5,31,1,0,0,1.0
1605,1,12.987,16,7,1,1,0,0,1,0,0,2.0
1606,2,12.987,6,4,1,1,0,0,1,2,0,0.0
1607,0,12.987,1,1,1,1,0,0,1,3,0,1.0
1608,2,90.87,31,39,2,7,0,0,7,0,0,1.0
1609,2,53.248,38,3,2,4,0,0,4,0,0,1.0
1610,2,12.987,4,4,1,1,0,1,1,0,0,1.0
1611,0,38.948,1,10,2,3,11,1,3,4,0,0.0
1612,2,12.987,13,0,1,1,0,0,1,0,0,0.0
1613,1,58.032,21,32,2,5,5,1,5,0,6,1.0
1614,2,12.987,18,6,1,1,0,36,1,0,34,1.0
1615,0,12.987,0,0,1,0,0,0,1,0,0,0.0
1616,1,42.887,25,57,2,5,0,0,5,0,0,0.0
1617,1,12.987,0,0,1,1,0,0,1,0,0,0.0
1618,2,25.974,0,5,1,2,1,2,2,0,0,0.0
1619,2,12.987,0,0,1,1,0,1,1,0,0,1.0
1620,2,12.987,0,1,1,1,32,0,1,0,8,0.0
1621,2,12.987,0,1,1,1,0,0,1,0,0,0.0
1622,2,12.987,0,0,1,1,0,22,1,0,0,2.0
1623,1,12.987,6,0,1,1,0,0,1,0,0,0.0
1624,0,94.237,4,1,5,7,0,0,7,0,20,0.0
1625,1,12.987,0,55,1,1,124,5,1,4,0,1.0
1626,0,12.987,0,0,1,1,0,0,1,0,0,0.0
1627,0,12.987,22,0,1,1,1,0,1,0,0,1.0
1628,0,44.135,0,5,3,1,0,0,2,1,0,2.0
1629,1,12.987,17,12,1,1,1,9,1,6,32,2.0
1630,1,25.974,40,1,2,2,0,11,2,0,0,0.0
1631,0,12.987,11,3,1,1,0,5,1,0,0,1.0
1632,0,41.678,2,15,4,4,7,0,4,10,0,0.0
1633,0,38.961,0,0,1,0,0,0,3,0,0,0.0
1634,0,90.883,0,0,2,6,0,0,7,0,0,0.0
1635,1,12.987,8,8,1,1,5,20,1,3,1,0.0
1636,1,51.948,1,45,1,4,8,0,4,38,0,1.0
1637,0,63.934,1,51,3,5,4,0,5,0,0,2.0
1638,1,25.974,6,2,1,2,0,0,2,0,0,1.0
1639,1,103.896,0,34,1,7,0,0,8,2,0,2.0
1640,1,12.987,7,0,1,1,2,0,1,0,2,0.0
1641,1,12.987,0,5,1,1,0,0,1,0,0,1.0
1642,0,12.987,5,14,2,1,0,0,1,0,0,0.0
1643,1,25.974,16,9,1,2,0,0,2,10,0,1.0
1644,1,12.987,0,2,1,1,0,0,1,0,0,0.0
1645,0,116.883,8,8,1,9,5,0,10,0,0,1.0
1646,0,298.701,14,1,1,2,0,0,23,0,0,1.0
1647,1,38.961,31,35,1,3,4,0,3,0,4,1.0
1648,1,77.922,10,42,1,6,0,4,6,2,0,2.0
1649,1,12.987,6,17,1,1,7,5,1,0,56,2.0
1650,1,38.961,3,33,1,3,5,3,3,2,0,0.0
1651,0,12.987,0,1,1,1,0,2,1,0,0,1.0
1652,0,12.987,0,0,1,1,0,0,1,0,0,0.0
1653,1,12.987,15,4,1,1,0,0,1,0,0,1.0
1654,0,12.987,10,1,1,1,0,1,1,2,0,0.0
1655,1,25.974,1,0,1,2,74,5,2,0,0,0.0
1656,0,12.987,0,2,1,1,0,0,1,0,0,0.0
1657,0,74.36,3,5,6,5,2,0,6,0,1,0.0
1658,1,12.987,0,9,1,1,27,2,1,0,4,0.0
1659,1,40.521,31,4,4,10,0,0,10,0,2,0.0
1660,1,12.987,30,2,3,1,0,0,1,2,4,0.0
1661,0,12.987,0,1,3,1,0,0,1,0,0,0.0
1662,1,25.974,0,0,1,1,0,0,2,0,0,1.0
1663,1,64.818,30,1,2,5,25,0,5,0,26,0.0
1664,1,12.987,1,6,1,3,21,16,4,24,1,0.0
1665,1,12.987,0,7,1,1,0,12,1,0,0,0.0
1666,1,12.987,0,10,1,1,0,0,1,1,0,1.0
1667,1,129.87,0,0,1,3,0,0,10,0,0,0.0
1668,1,12.987,0,0,1,1,0,0,1,0,0,1.0
1669,1,25.974,0,1,1,1,0,0,2,0,0,0.0
1670,0,12.987,0,1,1,1,0,0,1,0,0,0.0
1671,1,38.961,5,60,1,3,5,2,3,0,0,1.0
1672,0,38.948,0,1,2,3,0,0,3,0,0,1.0
1673,1,38.961,0,2,1,3,0,0,3,0,0,1.0
1674,1,12.987,7,17,1,1,7,0,1,28,0,0.0
1675,0,25.974,1,4,2,2,0,0,2,0,0,1.0
1676,0,12.987,9,1,1,1,0,0,1,0,0,1.0
1677,0,38.961,0,79,2,4,23,1,4,0,0,2.0
1678,1,12.987,0,27,1,1,0,2,1,0,0,0.0
1679,1,38.961,7,1,1,4,4,0,4,0,0,0.0
1680,1,51.948,40,6,2,4,0,4,4,2,0,0.0
1681,0,12.987,0,1,1,1,0,0,1,1,0,0.0
1682,0,12.311,5,4,2,1,0,18,1,0,0,0.0
1683,0,28.522,0,2,2,1,0,0,1,0,0,0.0
1684,0,38.961,0,14,1,2,0,0,2,0,0,0.0
1685,1,0.0,7,20,0,2,10,0,2,0,0,0.0
1686,1,63.271,30,24,4,4,0,0,5,0,0,2.0
1687,0,64.909,0,1,2,4,0,0,5,3,0,1.0
1688,1,0.0,9,5,0,1,0,0,1,0,0,2.0
1689,0,25.974,0,1,2,2,0,0,2,0,0,0.0
1690,0,12.987,1,1,1,1,1,1,1,8,0,0.0
1691,1,12.987,1,3,1,1,1,10,1,4,0,0.0
1692,1,12.987,0,1,1,1,0,0,1,0,0,0.0
1693,1,25.974,0,4,1,1,0,0,2,0,0,1.0
1694,0,64.935,2,2,1,1,0,0,2,0,0,1.0
1695,1,12.987,0,10,1,1,0,3,1,0,0,1.0
1696,1,38.961,1,0,1,3,0,0,3,0,0,0.0
1697,1,0.0,7,6,0,1,11,0,1,0,0,1.0
1698,0,0.0,5,91,0,7,1,0,7,5,0,1.0
1699,0,12.987,0,0,1,1,1,0,1,0,0,0.0
1700,1,0.0,23,16,0,8,0,0,9,0,44,0.0
1701,0,38.961,0,2,1,3,0,0,3,0,0,1.0
1702,0,25.974,6,3,1,3,2,0,3,0,0,0.0
1703,0,63.401,1,9,3,1,4,0,1,9,0,2.0
1704,0,57.122,3,11,2,4,8,0,4,12,0,1.0
1705,1,12.987,1,5,1,1,0,0,1,0,0,0.0
1706,0,25.974,0,3,2,2,0,0,2,0,0,0.0
1707,0,25.974,0,1,2,0,0,0,1,0,0,0.0
1708,0,38.961,0,1,2,3,0,0,3,0,0,0.0
1709,1,0.0,3,18,0,1,25,9,1,0,0,1.0
1710,1,155.792,30,1,2,11,0,0,13,0,0,0.0
1711,1,12.987,0,10,1,1,0,0,1,0,0,1.0
1712,0,144.703,0,0,5,0,0,0,10,0,0,0.0
1713,1,0.0,2,4,0,1,0,14,1,0,0,1.0
1714,0,15.574,0,0,2,1,0,0,1,0,0,1.0
